date,us_gdp,japan_gdp,world_gdp
19470101,243.164,,
19470401,245.968,,
19470701,249.585,,
19471001,259.745,,
19480101,265.742,,
19480401,272.567,,
19480701,279.196,,
19481001,280.366,,
19490101,275.034,,
19490401,271.351,,
19490701,272.889,,
19491001,270.627,,
19500101,280.828,,
19500401,290.383,,
19500701,308.153,,
19501001,319.945,,
19510101,336.0,,
19510401,344.09,,
19510701,351.385,,
19511001,356.178,,
19520101,359.82,,
19520401,361.03,,
19520701,367.701,,
19521001,380.812,,
19530101,387.98,,
19530401,391.749,,
19530701,391.171,,
19531001,385.97,,
19540101,385.345,,
19540401,386.121,,
19540701,390.996,,
19541001,399.734,,
19550101,413.073,,
19550401,421.532,,
19550701,430.221,,
19551001,437.092,,
19560101,439.746,,
19560401,446.01,,
19560701,451.191,,
19561001,460.463,,
19570101,469.779,,
19570401,472.025,,
19570701,479.49,,
19571001,474.864,,
19580101,467.54,,
19580401,471.978,,
19580701,485.841,,
19581001,499.555,,
19590101,510.33,,
19590401,522.653,,
19590701,525.034,,
19591001,528.6,,
19600101,542.648,,1367697816706.48
19600401,541.08,,
19600701,545.604,,
19601001,540.197,,
19610101,545.018,,1445418078270.82
19610401,555.545,,
19610701,567.664,,
19611001,580.612,,
19620101,594.013,,1546545764840.33
19620401,600.366,,
19620701,609.027,,
19621001,612.28,,
19630101,621.672,,1672226662378.7
19630401,629.752,,
19630701,644.444,,
19631001,653.938,,
19640101,669.822,,1833219012877.02
19640401,678.674,,
19640701,692.031,,
19641001,697.319,,
19650101,717.79,,1997655804366.35
19650401,730.191,,
19650701,749.323,,
19651001,771.857,,
19660101,795.734,,2165498646895.2
19660401,804.981,,
19660701,819.638,,
19661001,833.302,,
19670101,844.17,,2298119095631.23
19670401,848.983,,
19670701,865.233,,
19671001,881.439,,
19680101,909.387,,2483627131302.64
19680401,934.344,,
19680701,950.825,,
19681001,968.03,,
19690101,993.337,,2743573825629.55
19690401,1009.02,,
19690701,1029.956,,
19691001,1038.147,,
19700101,1051.2,,3009478988898.71
19700401,1067.375,,
19700701,1086.059,,
19701001,1088.608,,
19710101,1135.156,,3325831293865.24
19710401,1156.271,,
19710701,1177.675,,
19711001,1190.297,,
19720101,1230.609,,3842019736073.42
19720401,1266.369,,
19720701,1290.566,,
19721001,1328.904,,
19730101,1377.49,,4699146820051.78
19730401,1413.887,,
19730701,1433.838,,
19731001,1476.289,,
19740101,1491.209,,5431302723228.32
19740401,1530.056,,
19740701,1560.026,,
19741001,1599.679,,
19750101,1616.116,,6048005016166.34
19750401,1651.853,,
19750701,1709.82,,
19751001,1761.831,,
19760101,1820.487,,6574572862295.26
19760401,1852.332,,
19760701,1886.558,,
19761001,1934.273,,
19770101,1988.648,,7433986513280.19
19770401,2055.909,,
19770701,2118.473,,
19771001,2164.27,,
19780101,2202.76,,8804316947866.46
19780401,2331.633,,
19780701,2395.053,,
19781001,2476.949,,
19790101,2526.61,,10181253373888.4
19790401,2591.247,,
19790701,2667.565,,
19791001,2723.883,,
19800101,2789.842,,11479787747421.4
19800401,2797.352,,
19800701,2856.483,,
19801001,2985.557,,
19810101,3124.206,,11872917775514.8
19810401,3162.532,,
19810701,3260.609,,
19811001,3280.818,,
19820101,3274.302,,11747181261106.9
19820401,3331.972,,
19820701,3366.322,,
19821001,3402.561,,
19830101,3473.413,,11993276558849.8
19830401,3578.848,,
19830701,3689.179,,
19831001,3794.706,,
19840101,3908.054,,12459409786103.5
19840401,4009.601,,
19840701,4084.25,,
19841001,4148.551,,
19850101,4230.168,,13050699141666.9
19850401,4294.887,,
19850701,4386.773,,
19851001,4444.094,,
19860101,4507.894,,15397826688510.3
19860401,4545.34,,
19860701,4607.669,,
19861001,4657.627,,
19870101,4722.156,,17532755119890.9
19870401,4806.16,,
19870701,4884.555,,
19871001,5007.994,,
19880101,5073.372,,19597682774627.7
19880401,5190.036,,
19880701,5282.835,,
19881001,5399.509,,
19890101,5511.253,,20467635430294.5
19890401,5612.463,,
19890701,5695.365,,
19891001,5747.237,,
19900101,5872.701,,22991895905266.2
19900401,5960.028,,
19900701,6015.116,,
19901001,6004.733,,
19910101,6035.178,,23998499386379.8
19910401,6126.862,,
19910701,6205.937,,
19911001,6264.54,,
19920101,6363.102,,25631432757013.7
19920401,6470.763,,
19920701,6566.641,,
19921001,6680.803,,
19930101,6729.459,,26071136171460.6
19930401,6808.939,,
19930701,6882.098,,
19931001,7013.738,,
19940101,7115.652,521943.6,28066274308784.1
19940401,7246.931,519842.4,
19940701,7331.075,522898.5,
19941001,7455.288,521987.8,
19950101,7522.289,524163.5,31338014339198.1
19950401,7580.997,527582.4,
19950701,7683.125,534036.3,
19951001,7772.586,535741.6,
19960101,7868.468,540507.0,32064860700885.1
19960401,8032.84,546516.3,
19960701,8131.408,546699.1,
19961001,8259.771,551593.1,
19970101,8362.655,553240.8,31954804098164.9
19970401,8518.825,554785.1,
19970701,8662.823,554535.3,
19971001,8765.907,555058.4,
19980101,8866.48,545597.8,31780795899557.2
19980401,8969.699,541530.9,
19980701,9121.097,540279.9,
19981001,9293.991,545933.6,
19990101,9411.682,534644.5,32829035976968.2
19990401,9526.21,535344.4,
19990701,9686.626,534870.0,
19991001,9900.169,533966.2,
20000101,10002.179,542412.0,33965806441911.9
20000401,10247.72,544154.7,
20000701,10318.165,542149.2,
20001001,10435.744,546229.1,
20010101,10470.231,550260.7,33747838963540.0
20010401,10599.0,542492.5,
20010701,10598.02,534295.2,
20011001,10660.465,531800.9,
20020101,10783.5,533996.5,35048255697763.3
20020401,10887.46,532332.1,
20020701,10984.04,531857.2,
20021001,11061.433,531680.0,
20030101,11174.129,526794.3,39288473726074.5
20030401,11312.766,531401.6,
20030701,11566.669,531000.6,
20031001,11772.234,532359.0,
20040101,11923.447,534928.4,44264898214305.3
20040401,12112.815,533634.2,
20040701,12305.307,535934.3,
20041001,12527.214,533916.9,
20050101,12767.286,534432.6,47938461749088.8
20050401,12922.656,536924.6,
20050701,13142.642,539013.0,
20051001,13324.204,539563.7,
20060101,13599.16,538807.0,51965655998564.4
20060401,13753.424,539128.5,
20060701,13870.188,538309.7,
20061001,14039.56,546036.6,
20070101,14215.651,546799.0,58574302755950.8
20070401,14402.082,547700.9,
20070701,14564.117,541607.0,
20071001,14715.058,542418.3,
20080101,14706.538,542645.5,64378551514749.4
20080401,14865.701,539177.3,
20080701,14898.999,528921.0,
20081001,14608.209,523113.9,
20090101,14430.902,500112.1,61049315651690.3
20090401,14381.236,502558.8,
20090701,14448.882,495237.7,
20091001,14651.249,500152.3,
20100101,14764.61,505567.2,66893676131662.8
20100401,14980.193,510000.2,
20100701,15141.607,515399.3,
20101001,15309.474,510303.2,
20110101,15351.448,501578.8,74388644404622.5
20110401,15557.539,494324.5,
20110701,15647.68,504551.5,
20111001,15842.259,505207.4,
20120101,16068.805,512083.8,76055253368044.6
20120401,16207.115,504923.7,
20120701,16319.541,502605.9,
20121001,16420.419,502511.0,
20130101,16648.189,508307.8,78171001460419.0
20130401,16728.687,513144.7,
20130701,16953.838,518926.3,
20131001,17192.019,518897.8,
20140101,17197.738,524015.1,80243543597078.9
20140401,17518.508,527176.2,
20140701,17804.228,528134.5,
20141001,17912.079,533034.8,
20150101,18063.529,545526.5,75839351828606.2
20150401,18279.784,548807.1,
20150701,18401.626,550663.6,
20151001,18435.137,550670.3,
20160101,18525.933,557365.3,77084966373474.0
20160401,18711.702,554640.7,
20160701,18892.639,555241.6,
20161001,19089.379,555827.3,
20170101,19280.084,559061.5,82110104984460.0
20170401,19438.643,561515.9,
20170701,19692.595,569890.5,
20171001,20037.088,569702.3,
20180101,20328.553,569516.5,87310840056717.8
20180401,20580.912,571256.4,
20180701,20798.73,567922.6,
20181001,20917.867,568121.4,
20190101,21111.6,572548.4,88796498078977.7
20190401,21397.938,574803.5,
20190701,21717.171,575450.7,
20191001,21933.217,564615.1,
20200101,21751.238,567682.2,86388502867289.2
20200401,19958.291,528760.1,
20200701,21704.437,554755.1,
20201001,22087.16,564134.6,
20210101,22680.693,569540.5,98780038374127.0
20210401,23425.91,573330.6,
20210701,23982.379,572915.8,
20211001,24813.6,579518.9,
20220101,25250.347,579304.5,102862471365575.0
20220401,25861.292,583000.4,
20220701,26336.304,581873.7,
20221001,26770.514,594215.4,
20230101,27216.445,606239.1,107348614073350.0
20230401,27530.055,617540.2,
20230701,28074.846,618202.7,
20231001,28424.722,624557.1,
20240101,28708.161,621971.6,111669432109121.0
20240401,29147.044,633698.8,
20240701,29511.664,642118.4,
20241001,29825.182,649442.7,
20250101,30042.113,655033.1,118350166039396.0
20250401,30485.729,666978.2,
20250701,31098.027,668819.0,
20251001,31422.526,674967.2,
20260101,31865.721,679770.7,
20260401,32486.066,687718.2,
