Unnamed: 0,Unnamed: 1,Unnamed: 2,Unnamed: 3,Unnamed: 4,Unnamed: 5,Unnamed: 6,Unnamed: 7,Unnamed: 8,Unnamed: 9,Unnamed: 10,Unnamed: 11,1,2,3,4,5,6,7,8,9,10,11,12,13,14,15,16,17,18,19,20,21,22,23,24,25,26,27,28,29,30,31,32,33,34,35,36,37,38,39,40,41,42,43,44,45,46,47,48,49,50,51,52,53,54,55,56,57,58,59,60,61,62,63,64,65,66,67,68,69,70,71,72,73,74,75,76,77,78,79,80,81,82,83,84,85,86,87,88,89,90,91,92,93,94,95,96,97,98,99,100,101,102,103,104,105,106,107,108,109,110,111,112,113,114,115,116,117,118,119,120,121,122,123,124,125,126,127,128,129,130,131,132,133,134,135,136,137,138,139,140,141,142,143,144,145,146,147,148,149,150,151,152,153,154,155,156,157,158,159,160,161,162,163,164,165,166,167,168,169,170,171,172,173,174,175,176,177,178,179,180,181,182,183,184,185,186,187,188,189,190,191,192,193,194,195,196,197,198,199,200,201,202,203,204,205,206,207,208,209,210,211,212,213,214,215,216,217,218,219,220,221,222,223,224,225,226,227,228,229,230,231,232,233,234
,,,,,,,,,,,,1,2,3,4,5,6,7,8,9,10,11,12,13,14,15,16,17,18,19,20,21,22,23,24,25,26,27,28,29,30,31,32,33,34,35,36,37,38,39,40,41,42,43,44,45,46,47,48,49,50,51,52,53,54,55,56,57,58,59,60,61,62,63,64,65,66,67,68,69,70,71,72,73,74,75,76,77,78,79,80,81,82,83,84,85,86,87,88,89,90,91,92,93,94,95,96,97,98,99,100,101,102,103,104,105,106,107,108,109,110,111,112,113,114,115,116,117,118,119,120,121,122,123,124,125,126,127,128,129,130,131,132,133,134,135,136,137,138,139,140,141,142,143,144,145,146,147,148,149,150,151,152,153,154,155,156,157,158,159,160,161,162,163,164,165,166,167,168,169,170,171,172,173,174,175,176,177,178,179,180,181,182,183,184,185,186,187,188,189,190,191,192,193,194,195,196,197,198,199,200,201,202,203,204,205,206,207,208,209,210,211,212,213,214,215,216,217,218,219,220,221,222,223,224,225,226,227,228,229,230,231,232,233,234
,,,,,,,,,,,,,,,,,,,,,,,,,,,,,,,,,,,,,,,,,,,,,,,,,,,,,,,,,,,,,,,,,,,,,,,,,,,,,,,,,,,,,,,,,,,,,,,,,,,,,,,,,,,,,,,,,,,,,,,,,,,,,,,,,,,,,,,,,,,,,,,,,,,,,,,,,,,,,,,,,,,,,,,,,,,,,,,,,,,,,,,,,,,,,,,,,,,,,,,,,,,,,,,,,,,,,,,,,,,,,,,,,,,,,,,,,,,,,,,,,,,,,
,,,,,,,統計名：,2020年基準消費者物価指数,,,,,,,,,,,,,,,,,,,,,,,,,,,,,,,,,,,,,,,,,,,,,,,,,,,,,,,,,,,,,,,,,,,,,,,,,,,,,,,,,,,,,,,,,,,,,,,,,,,,,,,,,,,,,,,,,,,,,,,,,,,,,,,,,,,,,,,,,,,,,,,,,,,,,,,,,,,,,,,,,,,,,,,,,,,,,,,,,,,,,,,,,,,,,,,,,,,,,,,,,,,,,,,,,,,,,,,,,,,,,,,,,,,,,,,,,,,,,
,,,,,,,統計表番号：,第3表,,,,,,,,,,,,,,,,,,,,,,,,,,,,,,,,,,,,,,,,,,,,,,,,,,,,,,,,,,,,,,,,,,,,,,,,,,,,,,,,,,,,,,,,,,,,,,,,,,,,,,,,,,,,,,,,,,,,,,,,,,,,,,,,,,,,,,,,,,,,,,,,,,,,,,,,,,,,,,,,,,,,,,,,,,,,,,,,,,,,,,,,,,,,,,,,,,,,,,,,,,,,,,,,,,,,,,,,,,,,,,,,,,,,,,,,,,,,,
,,,,,,,表題：,中分類指数（都市階級・地方・都道府県庁所在市別）,,,,,,,,,,,,,,,,,,,,,,,,,,,,,,,,,,,,,,,,,,,,,,,,,,,,,,,,,,,,,,,,,,,,,,,,,,,,,,,,,,,,,,,,,,,,,,,,,,,,,,,,,,,,,,,,,,,,,,,,,,,,,,,,,,,,,,,,,,,,,,,,,,,,,,,,,,,,,,,,,,,,,,,,,,,,,,,,,,,,,,,,,,,,,,,,,,,,,,,,,,,,,,,,,,,,,,,,,,,,,,,,,,,,,,,,,,,,,
,,,,,,,月次,,,,,,,,,,,,,,,,,,,,,,,,,,,,,,,,,,,,,,,,,,,,,,,,,,,,,,,,,,,,,,,,,,,,,,,,,,,,,,,,,,,,,,,,,,,,,,,,,,,,,,,,,,,,,,,,,,,,,,,,,,,,,,,,,,,,,,,,,,,,,,,,,,,,,,,,,,,,,,,,,,,,,,,,,,,,,,,,,,,,,,,,,,,,,,,,,,,,,,,,,,,,,,,,,,,,,,,,,,,,,,,,,,,,,,,,,,,,,,
,,,,,,,注）表中「－」は，指数欄では指数値がない場合，また変化率欄では当期，前期共に指数値がない場合を示す。表中「＊」は，変化率欄において当期，前期いずれか一方の指数値がない場合など，変化率の計算が困難な場合を示す。,,,,,,,,,,,,,,,,,,,,,,,,,,,,,,,,,,,,,,,,,,,,,,,,,,,,,,,,,,,,,,,,,,,,,,,,,,,,,,,,,,,,,,,,,,,,,,,,,,,,,,,,,,,,,,,,,,,,,,,,,,,,,,,,,,,,,,,,,,,,,,,,,,,,,,,,,,,,,,,,,,,,,,,,,,,,,,,,,,,,,,,,,,,,,,,,,,,,,,,,,,,,,,,,,,,,,,,,,,,,,,,,,,,,,,,,,,,,,,
,,,,,,,,,,,類・品目符号,0001,0001,0001,0161,0161,0161,0163,0163,0163,0166,0166,0166,0178,0178,0178,0168,0168,0168,0002,0002,0002,0157,0157,0157,0172,0172,0172,0003,0003,0003,0008,0008,0008,0158,0158,0158,0013,0013,0013,0016,0016,0016,0021,0021,0021,0159,0159,0159,0027,0027,0027,0160,0160,0160,0030,0030,0030,0033,0033,0033,0034,0034,0034,0037,0037,0037,0041,0041,0041,0042,0042,0042,0045,0045,0045,0164,0164,0164,0046,0046,0046,0165,0165,0165,0051,0051,0051,0054,0054,0054,0056,0056,0056,0057,0057,0057,0058,0058,0058,0059,0059,0059,0060,0060,0060,0061,0061,0061,0066,0066,0066,0070,0070,0070,0073,0073,0073,0077,0077,0077,0081,0081,0081,0082,0082,0082,0083,0083,0083,0084,0084,0084,0085,0085,0085,0089,0089,0089,0090,0090,0090,0094,0094,0094,0098,0098,0098,0103,0103,0103,0106,0106,0106,0107,0107,0107,0108,0108,0108,0109,0109,0109,0110,0110,0110,0111,0111,0111,0112,0112,0112,0113,0113,0113,0117,0117,0117,0118,0118,0118,0119,0119,0119,0120,0120,0120,0121,0121,0121,0122,0122,0122,0123,0123,0123,0128,0128,0128,0134,0134,0134,0138,0138,0138,0145,0145,0145,0146,0146,0146,0147,0147,0147,0151,0151,0151,0155,0155,0155,0156,0156,0156,0167,0167,0167,0162,0162,0162,0173,0173,0173,0169,0169,0169
,,,,,,,,,,,類・品目,総合,総合,総合,生鮮食品を除く総合,生鮮食品を除く総合,生鮮食品を除く総合,持家の帰属家賃を除く総合,持家の帰属家賃を除く総合,持家の帰属家賃を除く総合,持家の帰属家賃及び生鮮食品を除く総合,持家の帰属家賃及び生鮮食品を除く総合,持家の帰属家賃及び生鮮食品を除く総合,生鮮食品及びエネルギーを除く総合,生鮮食品及びエネルギーを除く総合,生鮮食品及びエネルギーを除く総合,食料（酒類を除く）及びエネルギーを除く総合,食料（酒類を除く）及びエネルギーを除く総合,食料（酒類を除く）及びエネルギーを除く総合,食料,食料,食料,生鮮食品,生鮮食品,生鮮食品,生鮮食品を除く食料,生鮮食品を除く食料,生鮮食品を除く食料,穀類,穀類,穀類,魚介類,魚介類,魚介類,生鮮魚介,生鮮魚介,生鮮魚介,肉類,肉類,肉類,乳卵類,乳卵類,乳卵類,野菜・海藻,野菜・海藻,野菜・海藻,生鮮野菜,生鮮野菜,生鮮野菜,果物,果物,果物,生鮮果物,生鮮果物,生鮮果物,油脂・調味料,油脂・調味料,油脂・調味料,菓子類,菓子類,菓子類,調理食品,調理食品,調理食品,飲料,飲料,飲料,酒類,酒類,酒類,外食,外食,外食,住居,住居,住居,持家の帰属家賃を除く住居,持家の帰属家賃を除く住居,持家の帰属家賃を除く住居,家賃,家賃,家賃,持家の帰属家賃を除く家賃,持家の帰属家賃を除く家賃,持家の帰属家賃を除く家賃,設備修繕・維持,設備修繕・維持,設備修繕・維持,光熱・水道,光熱・水道,光熱・水道,電気代,電気代,電気代,ガス代,ガス代,ガス代,他の光熱,他の光熱,他の光熱,上下水道料,上下水道料,上下水道料,家具・家事用品,家具・家事用品,家具・家事用品,家庭用耐久財,家庭用耐久財,家庭用耐久財,室内装備品,室内装備品,室内装備品,寝具類,寝具類,寝具類,家事雑貨,家事雑貨,家事雑貨,家事用消耗品,家事用消耗品,家事用消耗品,家事サービス,家事サービス,家事サービス,被服及び履物,被服及び履物,被服及び履物,衣料,衣料,衣料,和服,和服,和服,洋服,洋服,洋服,シャツ・セーター・下着類,シャツ・セーター・下着類,シャツ・セーター・下着類,シャツ・セーター類,シャツ・セーター類,シャツ・セーター類,下着類,下着類,下着類,履物類,履物類,履物類,他の被服,他の被服,他の被服,被服関連サービス,被服関連サービス,被服関連サービス,保健医療,保健医療,保健医療,医薬品・健康保持用摂取品,医薬品・健康保持用摂取品,医薬品・健康保持用摂取品,保健医療用品・器具,保健医療用品・器具,保健医療用品・器具,保健医療サービス,保健医療サービス,保健医療サービス,交通・通信,交通・通信,交通・通信,交通,交通,交通,自動車等関係費,自動車等関係費,自動車等関係費,通信,通信,通信,教育,教育,教育,授業料等,授業料等,授業料等,教科書・学習参考教材,教科書・学習参考教材,教科書・学習参考教材,補習教育,補習教育,補習教育,教養娯楽,教養娯楽,教養娯楽,教養娯楽用耐久財,教養娯楽用耐久財,教養娯楽用耐久財,教養娯楽用品,教養娯楽用品,教養娯楽用品,書籍・他の印刷物,書籍・他の印刷物,書籍・他の印刷物,教養娯楽サービス,教養娯楽サービス,教養娯楽サービス,諸雑費,諸雑費,諸雑費,理美容サービス,理美容サービス,理美容サービス,理美容用品,理美容用品,理美容用品,身の回り用品,身の回り用品,身の回り用品,たばこ,たばこ,たばこ,他の諸雑費,他の諸雑費,他の諸雑費,エネルギー,エネルギー,エネルギー,教育関係費,教育関係費,教育関係費,教養娯楽関係費,教養娯楽関係費,教養娯楽関係費,情報通信関係費,情報通信関係費,情報通信関係費
,,,,,,,,,,,表章項目,指数（2020年＝100）,前月比,前年同月比,指数（2020年＝100）,前月比,前年同月比,指数（2020年＝100）,前月比,前年同月比,指数（2020年＝100）,前月比,前年同月比,指数（2020年＝100）,前月比,前年同月比,指数（2020年＝100）,前月比,前年同月比,指数（2020年＝100）,前月比,前年同月比,指数（2020年＝100）,前月比,前年同月比,指数（2020年＝100）,前月比,前年同月比,指数（2020年＝100）,前月比,前年同月比,指数（2020年＝100）,前月比,前年同月比,指数（2020年＝100）,前月比,前年同月比,指数（2020年＝100）,前月比,前年同月比,指数（2020年＝100）,前月比,前年同月比,指数（2020年＝100）,前月比,前年同月比,指数（2020年＝100）,前月比,前年同月比,指数（2020年＝100）,前月比,前年同月比,指数（2020年＝100）,前月比,前年同月比,指数（2020年＝100）,前月比,前年同月比,指数（2020年＝100）,前月比,前年同月比,指数（2020年＝100）,前月比,前年同月比,指数（2020年＝100）,前月比,前年同月比,指数（2020年＝100）,前月比,前年同月比,指数（2020年＝100）,前月比,前年同月比,指数（2020年＝100）,前月比,前年同月比,指数（2020年＝100）,前月比,前年同月比,指数（2020年＝100）,前月比,前年同月比,指数（2020年＝100）,前月比,前年同月比,指数（2020年＝100）,前月比,前年同月比,指数（2020年＝100）,前月比,前年同月比,指数（2020年＝100）,前月比,前年同月比,指数（2020年＝100）,前月比,前年同月比,指数（2020年＝100）,前月比,前年同月比,指数（2020年＝100）,前月比,前年同月比,指数（2020年＝100）,前月比,前年同月比,指数（2020年＝100）,前月比,前年同月比,指数（2020年＝100）,前月比,前年同月比,指数（2020年＝100）,前月比,前年同月比,指数（2020年＝100）,前月比,前年同月比,指数（2020年＝100）,前月比,前年同月比,指数（2020年＝100）,前月比,前年同月比,指数（2020年＝100）,前月比,前年同月比,指数（2020年＝100）,前月比,前年同月比,指数（2020年＝100）,前月比,前年同月比,指数（2020年＝100）,前月比,前年同月比,指数（2020年＝100）,前月比,前年同月比,指数（2020年＝100）,前月比,前年同月比,指数（2020年＝100）,前月比,前年同月比,指数（2020年＝100）,前月比,前年同月比,指数（2020年＝100）,前月比,前年同月比,指数（2020年＝100）,前月比,前年同月比,指数（2020年＝100）,前月比,前年同月比,指数（2020年＝100）,前月比,前年同月比,指数（2020年＝100）,前月比,前年同月比,指数（2020年＝100）,前月比,前年同月比,指数（2020年＝100）,前月比,前年同月比,指数（2020年＝100）,前月比,前年同月比,指数（2020年＝100）,前月比,前年同月比,指数（2020年＝100）,前月比,前年同月比,指数（2020年＝100）,前月比,前年同月比,指数（2020年＝100）,前月比,前年同月比,指数（2020年＝100）,前月比,前年同月比,指数（2020年＝100）,前月比,前年同月比,指数（2020年＝100）,前月比,前年同月比,指数（2020年＝100）,前月比,前年同月比,指数（2020年＝100）,前月比,前年同月比,指数（2020年＝100）,前月比,前年同月比,指数（2020年＝100）,前月比,前年同月比,指数（2020年＝100）,前月比,前年同月比,指数（2020年＝100）,前月比,前年同月比,指数（2020年＝100）,前月比,前年同月比,指数（2020年＝100）,前月比,前年同月比,指数（2020年＝100）,前月比,前年同月比,指数（2020年＝100）,前月比,前年同月比,指数（2020年＝100）,前月比,前年同月比,指数（2020年＝100）,前月比,前年同月比,指数（2020年＝100）,前月比,前年同月比,指数（2020年＝100）,前月比,前年同月比
,,,,,,,時間軸コード,年月,地域コード,地域,単位,単位なし,％,％,単位なし,％,％,単位なし,％,％,単位なし,％,％,単位なし,％,％,単位なし,％,％,単位なし,％,％,単位なし,％,％,単位なし,％,％,単位なし,％,％,単位なし,％,％,単位なし,％,％,単位なし,％,％,単位なし,％,％,単位なし,％,％,単位なし,％,％,単位なし,％,％,単位なし,％,％,単位なし,％,％,単位なし,％,％,単位なし,％,％,単位なし,％,％,単位なし,％,％,単位なし,％,％,単位なし,％,％,単位なし,％,％,単位なし,％,％,単位なし,％,％,単位なし,％,％,単位なし,％,％,単位なし,％,％,単位なし,％,％,単位なし,％,％,単位なし,％,％,単位なし,％,％,単位なし,％,％,単位なし,％,％,単位なし,％,％,単位なし,％,％,単位なし,％,％,単位なし,％,％,単位なし,％,％,単位なし,％,％,単位なし,％,％,単位なし,％,％,単位なし,％,％,単位なし,％,％,単位なし,％,％,単位なし,％,％,単位なし,％,％,単位なし,％,％,単位なし,％,％,単位なし,％,％,単位なし,％,％,単位なし,％,％,単位なし,％,％,単位なし,％,％,単位なし,％,％,単位なし,％,％,単位なし,％,％,単位なし,％,％,単位なし,％,％,単位なし,％,％,単位なし,％,％,単位なし,％,％,単位なし,％,％,単位なし,％,％,単位なし,％,％,単位なし,％,％,単位なし,％,％,単位なし,％,％,単位なし,％,％,単位なし,％,％,単位なし,％,％,単位なし,％,％,単位なし,％,％,単位なし,％,％,単位なし,％,％
m03  ,202502.0,1.0,1.0,,1.0,,2025000202,2025年2月,00000,全国,,110.8,-0.4,3.7,109.7,-0.1,3,112.7,-0.4,4.3,111.5,-0.1,3.5,108.7,0.2,2.6,104.5,0.1,1.5,124.1,-0.5,7.6,138,-5.2,18.8,121.6,0.5,5.6,140.5,3.2,21.9,130.5,0.3,3.4,130.5,0.1,4,119.4,-0.2,5.2,121.6,0.6,0.4,131.1,-6.8,20.3,136.8,-9.7,28,145,-1.8,19.4,149.3,-1.9,20.8,118.7,-0.1,0.3,127.9,-0.1,6.8,121.4,0.7,4.2,121.1,0,6.6,109,0,-0.2,114.3,0.2,3.2,103.6,0,0.8,111.9,0.2,2.4,100.6,0,0.2,100.5,0,0.4,121.1,0.4,3.8,114.2,-4.2,6.3,113.1,-7.4,9,116.3,-3.1,3.4,154.3,2.8,9.3,105.4,0,2.8,119.4,-0.1,4,118.6,-0.5,5.4,119.3,-0.2,2.5,109.6,-0.1,0.9,122.9,0.2,5.1,124.3,0,3,105,0,2.3,108.8,0.2,2.8,109.6,0.9,3.1,105.7,0.6,2.5,109.7,1,3.1,107.5,-0.5,2.9,104.9,-0.7,3.4,113,-0.1,1.9,107.8,-0.1,1.3,106.5,-0.8,2.4,116.1,0.5,3.9,103.9,0,1.7,108.6,0,2.4,110.8,-0.2,3.2,99.1,0,0.8,99.3,0.2,2.4,104.3,-0.1,0.1,111.8,0.3,3.5,72.3,0,0.1,101.5,0.1,-1.1,97.8,0,-2.6,108.2,0,1.3,110.3,0.5,2.2,113.3,0.4,2.1,107.9,1.3,1.5,111.9,0.4,2.6,115,-0.1,3.8,114.3,0.4,1.6,105.5,-0.1,1.1,106.2,0.1,1.6,102.4,-0.3,0.9,117.8,0.2,2.7,114.7,0,0.3,102.4,0,0.8,121.6,-3.6,6.9,101.7,0.2,-0.8,112.4,0.3,1.9,74,0,1.3
m03  ,202502.0,1.0,1.0,,2.0,,2025000202,2025年2月,00012,大都市,,110.4,-0.4,3.4,109.2,-0.1,2.7,112.3,-0.5,4,111,-0.2,3.2,108.6,0.2,2.4,104.5,0.1,1.3,123.8,-0.6,7.6,137.7,-5.8,18.6,121.2,0.5,5.5,140.5,3.1,21.7,129.4,-0.2,3,128.7,-0.7,2.9,118.5,-0.2,4.8,120.6,0.3,-0.5,131,-7.2,20.4,136.7,-10,27.4,145.3,-1.9,19.4,150.2,-1.9,21,118,-0.2,0.1,128.1,0,6.8,120.4,0.6,3.7,120.6,0.1,6.5,109.2,0,0.3,115.3,0.3,3.8,103.1,0.1,0.9,108.5,0.2,2,101,0,0.5,100.8,0,0.6,118.2,0.4,3.5,113.2,-4.5,5.9,113.3,-7.3,9.2,117.1,-4.2,3.8,151.4,4.3,9,103.3,0,1.1,119.3,-0.2,3.9,118.8,-0.6,5.1,122.3,-0.4,2.6,113.4,-0.2,2.2,121.4,0.3,4.8,121.9,-0.2,2.6,105.5,0,3.1,108.9,0.3,2.7,109.4,1.3,3,105.3,0.4,-0.1,109.5,1.3,3,108,-0.2,2.4,105.3,-0.1,2.9,113.8,-0.3,1.4,108,-0.8,2,107.3,-1.1,2.8,114.8,0.4,3.7,103.8,0,1.8,109,0,2.6,111.4,-0.3,3.4,99.1,0,0.8,97.8,0.1,2,104.7,-0.1,0,110.8,0.1,3.3,72.5,0,0.2,100.3,0.1,-2.5,95.3,0,-4.9,108,0,1.2,112.5,0.5,2.7,114.2,0.4,1.9,108.7,1,1.7,111.7,0.6,2,115.1,-0.1,4,115.6,0.3,1.6,106,-0.1,1.2,107.4,0,1.9,102.2,-0.5,0.7,118.7,0.1,2.2,114.7,0,0.3,102.6,0,0.9,119.7,-4.4,7,100.4,0.2,-2.1,113,0.3,1.7,74.7,0,1.3
m03  ,202502.0,1.0,1.0,,3.0,,2025000202,2025年2月,00013,中都市,,110.6,-0.4,3.6,109.4,-0.1,2.9,112.5,-0.4,4.2,111.2,-0.1,3.4,108.5,0.2,2.5,104.3,0.1,1.4,124,-0.4,7.5,138.6,-5,19.3,121.4,0.5,5.4,140.6,3.1,21.9,131.1,0.8,3.8,131.5,0.7,5,119,0,4.9,121.3,0.6,0.6,131.2,-6.6,20.5,137.4,-9.3,28.5,144.7,-2,18.9,149.1,-2.1,20.3,119.4,-0.2,0.8,127.1,-0.2,6.7,121.9,0.7,4.4,121,0.2,6.3,108.7,-0.2,-0.5,113.8,0.2,2.6,103.2,0,0.8,112,0.2,2.3,100,0,0.2,100.1,0,0.1,121.5,0.4,3.8,113.4,-4.3,5.5,113,-7.4,9,115.8,-3.5,2.8,153.6,2.6,9.4,103.6,0,0.1,119.6,0,4.2,118.7,0,5.3,119.7,-0.1,2.9,107.8,-0.1,1.4,122.6,0.2,5.2,125,0.1,3.3,105.2,0,2.2,108.2,-0.1,2.4,109.6,0.7,2.9,105.8,0.4,3.6,109.7,0.7,2.9,105.9,-1.1,2.1,103,-1.5,2.4,111.9,-0.2,1.5,107.1,-0.1,0.8,105.7,-0.7,2.8,117.1,0.3,3.2,103.8,0,1.7,108.1,0.2,2.2,110.8,-0.1,3.2,99.1,0,0.8,99.4,0.2,2.4,104.4,-0.2,0.2,111.6,0.4,3.4,72.3,0,0.1,101.7,0.1,-0.6,98.6,0,-1.9,108.2,0,1.3,109.1,0.5,2.1,112.9,0.4,2.2,107.9,1.3,1.5,111.5,0.4,3.2,114.9,-0.1,3.7,113.7,0.4,1.6,105.3,-0.1,1.2,105.1,0.1,1.4,102.2,-0.3,1,116.5,0.3,2.2,114.7,0,0.3,102.9,-0.1,1,121.4,-3.6,6.8,101.6,0.2,-0.9,112.1,0.3,2,74.5,0,1.2
m03  ,202502.0,1.0,1.0,,4.0,,2025000202,2025年2月,00018,小都市Ａ,,111.2,-0.3,3.8,110.1,-0.1,3.2,113.1,-0.4,4.5,112,-0.1,3.8,109.1,0.2,2.8,104.7,0.1,1.6,124.2,-0.3,7.7,137.3,-4.8,18.2,122,0.6,5.9,140.7,3.5,22.4,130.8,0.3,2.6,130.3,-0.1,2.8,119.8,-0.5,5.4,121.9,1,0.9,131,-6.4,20.3,136.1,-9.6,28.7,143.9,-0.8,18.8,148,-0.9,20.1,118.4,0,0.2,128.8,0.1,7.2,121.2,0.6,4.3,121.5,-0.2,7.3,108.8,0.1,-0.1,114.2,0.2,3.5,104.1,0.1,0.7,114.8,0.2,2.7,100.4,0,0,100.5,0,0.2,121.8,0.3,3.8,114.7,-4,6.8,113.2,-7.4,9.2,115.6,-2,3,154.2,3,9.2,106.5,0,4.4,119.4,-0.1,3.8,118.1,-0.6,5.6,117.2,0,1.5,107.3,0,-0.3,123.8,0.3,5.2,126.1,0,3,104.7,0,1.8,109.4,0.4,3.3,110.5,1,3.7,106.3,0.9,3.8,110.6,1,3.7,108.2,-0.2,4,105.6,-0.3,4.3,113.6,0.1,3.2,106.3,0.5,0.6,107.2,-0.8,2,118.4,0.9,5.3,104,0,1.8,108.8,0,2.3,110.2,-0.1,3.3,99.2,0,0.9,99.9,0.2,2.6,104,-0.2,0.2,112.4,0.3,3.7,72.2,0,0.1,103,0.2,0.1,100.3,0,-0.6,108.2,0,1.4,109.3,0.5,1.6,113.3,0.4,2,107.5,1.4,1.5,112.2,0.3,2.5,114.7,-0.1,3.4,114.3,0.4,1.7,105.4,0,1.1,106.1,0.1,1.5,102.9,-0.2,1.1,117.3,0.3,3.5,114.7,0,0.3,102.1,0,0.5,122.3,-3.2,7,103.8,0.2,1.1,112.5,0.3,1.9,73.5,0,1.3
m03  ,202502.0,1.0,1.0,,5.0,,2025000202,2025年2月,00021,小都市Ｂ・町村,,111.6,-0.4,4,110.5,-0.1,3.4,113.5,-0.5,4.7,112.2,-0.2,4,109.2,0.2,3,104.7,0.1,1.8,124.7,-0.5,7.8,138.9,-5.4,19.4,122.3,0.5,5.8,140.2,3.4,21.1,131,0.4,4.9,132.2,0.6,6.5,121.1,-0.1,6.4,123.6,0.7,1,131.4,-6.8,19.4,136.8,-10.1,27.2,146.5,-2.8,21.2,150.2,-3,22.5,118.8,0.1,0.1,128,-0.5,6.4,122.8,0.7,4.9,121.5,-0.3,6.6,109.3,0,-0.5,113.4,0.2,2.9,104.8,0,0.7,116.9,0.2,3.1,100.9,-0.1,-0.2,100.9,-0.1,0.2,124.7,0.3,4.4,116.8,-3.8,8,112.6,-7.5,8.5,116.5,-1,4.3,156.8,1.8,9.4,111.1,-0.1,9,119.4,-0.4,4.2,118.8,-1.1,6.1,115.9,-0.3,2.9,109.7,0,-0.5,124.8,0.2,5.3,124.3,-0.1,3.3,104.6,0,2.4,109.1,0.2,2.8,108.7,0.6,2.5,104.5,0.3,2.1,108.8,0.6,2.5,109,-0.5,3.8,107.1,-0.7,4.9,112.7,0,1.9,111.7,0.8,2.2,105.3,-0.1,1.4,112.8,0.2,3.5,104,-0.1,1.7,108.5,0,2.7,110.8,-0.2,2.4,99,0,0.8,100.5,0.3,2.7,103.4,-0.2,0.1,112.6,0.4,3.7,72.2,0,0.1,102.1,0,0.6,99.7,0,0.2,108.5,0,1.7,107.4,0.2,1.3,112.4,0.5,2.3,106.9,1.5,1,112.3,0.4,3,115.7,-0.1,3.9,112.6,0.6,1.8,105.1,0,1,106.2,0.1,1.6,102.2,-0.3,0.8,119.1,0.3,3.6,114.7,0,0.3,101.1,0,0.3,123.7,-2.9,7.1,102.2,0.1,0.3,111.7,0.5,2.1,72.8,0,1.3
m03  ,202502.0,1.0,1.0,,6.0,,2025000202,2025年2月,00042,北海道地方,,112.6,-0.5,3.8,111.4,-0.3,3.2,114.5,-0.6,4.3,113.2,-0.3,3.6,109.2,0,2.9,104.7,0.1,1.7,125.5,-1.1,7.4,140.3,-4.9,15.7,122.6,-0.2,5.8,138.6,1,20,128.5,0,0.4,127,1.1,-2.6,119.9,-1.7,6.8,127.1,0,-0.5,138.7,-7,20,147,-9.8,27.1,140.5,-1.1,18.5,144.3,-1.2,19.5,117.4,0.9,-1.9,122.2,-1.4,-0.9,125.5,-0.3,7,123.3,0.9,9.4,106.8,0,-0.6,118,-0.2,6.3,105.4,0,1.9,115.1,0.1,5.2,100.3,0,0,100.1,0,0.1,130.9,0.2,9.7,124.1,-2,5.5,119.4,-6.1,5.9,112,-1.8,2.1,161.2,3.4,9.8,101.1,0,0,118.1,0.4,2.4,111.4,-0.1,0.5,131.4,0.2,4.6,115.6,0.9,3.1,123.3,-0.5,5.3,123.1,1.3,2.1,104.4,0,1.8,109.7,0.8,3.2,106.9,1,0.5,113.2,0,-5.7,106.7,1,0.6,111.5,1.2,5.9,110.7,1.6,8,113.1,0.2,1.5,116.2,0.2,6.1,106.2,-0.6,2.2,110.3,0.4,3.1,103,-0.1,1.7,108.8,0,3,105.2,-0.4,2,99.2,0,0.9,99.3,-0.6,1.6,104.8,-0.3,0.9,111.6,-0.8,2,73.1,0,0.3,101.3,0,0.9,99,0,0.2,108.1,0,1.3,107.4,0,2.8,112.8,0.8,1.9,108.8,1.2,1.7,110.4,1.7,4.2,119.4,-0.1,9.4,112.9,0.5,-0.9,107.3,-0.4,1.1,113,-0.3,2.2,101.4,-0.8,0.2,120.5,-0.9,4.5,114.7,0,0.3,103.5,0,0.6,130.3,-2.5,5.2,103.3,0.1,2.4,112.1,0.6,1.8,74.6,0,1.2
m03  ,202502.0,1.0,1.0,,7.0,,2025000202,2025年2月,00043,東北地方,,112.5,-0.4,3.9,111.3,-0.2,3.3,114.2,-0.5,4.5,113,-0.2,3.8,109.7,0.2,2.9,104.9,0,1.7,125.3,-0.5,7.4,137.4,-5.1,15.7,123,0.5,5.8,137.8,2.1,18.1,132.1,1.7,3.9,135.4,2.4,4.7,124.5,1,5.8,123.3,0.7,0.1,130.4,-7.1,17.2,134.7,-11,23,141.3,-1.7,16,144.3,-1.9,17,122.4,0,0.9,129.3,-0.4,9,125.2,0.8,5.4,122.8,-0.7,6.6,108.3,0,-0.1,112.2,0.3,2.9,105.7,0,1,118,0.1,3.3,101.1,-0.1,0,100.4,0,0,128.9,0.1,5,117.1,-3.5,5.7,110.1,-8.4,5.8,115.2,-1.8,2.9,162,3.2,10.5,103.2,0,3,118.9,-0.6,4.2,115.7,-1.3,4.3,116.6,0.1,6.1,112.2,0.5,0.7,122.8,0.5,6.7,125.6,-1,3.6,108.4,0,2.3,110.4,0.4,2.7,113.2,1.1,2.3,107.8,2.6,2.7,113.4,1,2.3,108.6,0.1,3,107.6,0.5,4.9,110.6,-0.7,-0.5,108.2,-0.5,2.7,104.6,-0.3,2.5,114.8,0.3,3.5,104,-0.1,1.7,107.9,0,2.4,110.9,-0.5,3.2,99,0,0.7,100.6,0.4,2.8,101.9,-0.2,0,113.6,0.6,4,72.7,0,0.1,101.1,0,0.9,97.8,0,-0.4,108.1,0,1.3,110,0.2,4.3,113.7,0.3,1.9,107.3,1.2,1.1,112.5,-0.6,2.2,114.8,-0.2,1.8,115,0.7,1.8,105.3,-0.1,1,105.4,0,1.1,102.9,-0.4,1.3,122.3,0.3,6.2,114.7,0,0.3,101.5,0,-0.3,125.5,-2.6,6.4,100.3,0,0.5,112.7,0.2,1.8,73.1,0,1.2
m03  ,202502.0,1.0,1.0,,8.0,,2025000202,2025年2月,00044,関東地方,,110.4,-0.4,3.4,109.3,-0.1,2.7,112.5,-0.5,4,111.3,-0.1,3.2,108.4,0.2,2.4,104.5,0.1,1.3,123.4,-0.7,7.3,137.3,-6,18.4,120.9,0.5,5.3,139.7,2.8,21.1,130.4,-0.6,2.8,129.7,-1.6,3.4,118.8,0.1,6.4,120.4,0.7,0.3,129.5,-7.4,19.4,135.1,-10.4,26.1,145.3,-1.2,19.9,150.2,-1.2,21.5,118.9,0.1,0.6,126.2,-0.5,6.1,120.8,0.6,3.8,119.8,0.3,6.1,108.9,-0.2,-0.2,114.3,0.3,3,103.1,0.1,0.8,110.5,0.3,2.1,100.8,0,0.3,101,0.1,0.7,119,0.4,3.2,114.7,-4.3,6.1,116.5,-7,9.1,117.8,-3.5,3.4,148.3,1.9,8.3,103.1,0,2.5,118.5,-0.2,3.7,116.6,-0.7,3.9,119.8,-0.4,2.1,114,0.1,2.6,121.5,0.5,5.2,123,0,3,104.9,0,2.7,108.1,0.1,2.7,108.5,0.9,2.7,105.1,0.6,1.9,108.6,0.9,2.8,107.5,-0.3,3,105.1,-0.2,3.5,112.5,-0.4,2.1,104.9,-0.7,1.8,108.2,-1.2,2.5,114.5,0.5,3.5,103.8,0,2,108.2,0.1,2.6,111.3,0,4.4,99.2,0,0.9,99.1,0.1,2.1,104.3,-0.2,-0.1,112.1,0.3,3.4,72.6,0,0.2,100.1,0.1,-3.1,95.8,0,-5.3,108.1,0,1.2,111.2,0.5,2.4,114.3,0.3,2.1,108.4,1.3,1.8,111.1,0.5,2.4,115.7,-0.1,3.7,116.1,0.2,1.8,105.8,0,1.2,107.1,0.1,2,102.2,-0.2,1,117.3,0.3,2.2,114.7,0,0.3,102.5,0,0.9,122.3,-3.9,6.9,99.7,0.2,-3,113.2,0.3,1.9,75.6,0,1.3
m03  ,202502.0,1.0,1.0,,9.0,,2025000202,2025年2月,00049,北陸地方,,110.5,-0.3,4,109.2,-0.2,3.3,112.7,-0.3,4.7,111.3,-0.1,3.9,107.7,0.2,2.9,103.2,0,1.7,124.4,0.1,8.1,140.7,-3.4,19.1,121.5,0.8,6,138.8,5.4,20.3,135.8,1.5,5.5,140.4,2.1,7.3,125,1.2,10.2,117.2,-0.2,0.5,131.2,-5,19.3,134.4,-7.6,26.3,149.2,-1.3,20.2,153.7,-1.4,22.1,118.3,-0.5,0.5,128.2,0.9,7.5,117.5,-0.2,3.3,118.8,0,5.7,109.2,-0.2,-0.6,115,0,3.4,101.3,-0.1,0.5,111.5,0.1,2.6,98.6,-0.2,-0.1,99.5,0,0.1,116.9,0.2,3.6,117.1,-4.3,8.5,116.1,-7.8,6.9,117.7,-2.5,6.5,149.4,3.2,9.6,107.7,0,13.6,116,-0.1,3.7,112.6,-0.3,4.5,109.5,-0.6,1.2,99.6,-0.5,-0.1,123.4,0,6.9,123.2,0.2,2.4,104.8,0,2.8,108.8,-0.2,2.3,105.1,-0.2,0.7,100.5,0,-3.2,105.2,-0.2,0.8,108.4,-1.2,4.3,103.7,-1.3,3.2,118.3,-1,6.6,115.8,1.1,0,110.7,1.1,5.1,116.7,0.7,5.2,101.9,-0.4,0.7,106.7,-0.9,1.2,103.1,-0.6,-0.1,98.8,0,0.7,100.4,0.3,2.3,102.8,-0.3,0.1,112.3,0.5,3.2,71.8,0,0.1,101.2,0,0.7,99,0,0,108.2,0,1.3,105.9,0,2.2,113.1,0.6,2.7,108.2,1,1.2,114,0.9,1.5,116.4,-0.1,9.7,112.8,0.5,2,104.2,-0.1,0.7,104.5,0,1.9,102.4,-0.3,0.9,118.5,0.3,2.2,114.7,0,0.3,100.6,-0.1,-0.2,124.4,-3.3,6.7,101.3,0.1,1,112.4,0.5,2.5,73.3,0,1.2
m03  ,202502.0,1.0,1.0,,10.0,,2025000202,2025年2月,00050,東海地方,,111.3,-0.3,4,110.2,0,3.4,113,-0.3,4.5,111.8,0,3.9,109.1,0.3,3.1,105.2,0.1,1.9,123.4,-0.2,7.9,138.1,-5.8,17.8,120.9,0.9,6.2,141.1,3.5,24.2,132.2,1.2,2.5,131.1,0.9,1.8,117.1,0.5,3.4,123.7,1.6,2.4,131.8,-7.5,21.4,138.7,-10.7,31,142,-2.6,14.9,145.4,-2.8,16.1,115.3,-0.3,-0.4,127.5,0.5,7.3,120.5,1.4,5.1,123.3,-0.2,8.3,106.8,0.1,-0.2,112.8,0.3,4.1,103.9,0,0.8,111.2,0.1,1.5,101.2,-0.1,0.5,100.1,-0.2,0,115.9,0.2,2.1,116.9,-4.2,6.8,117.7,-7.2,9.9,117,-2.5,3.1,151.1,3,7.6,109.2,0,3.9,124,-0.4,5.8,130.1,-1,9.8,118.8,0.4,3.6,101.7,-0.8,-0.3,126.9,-0.1,5,126.3,0.1,3.5,104.9,0,2.7,111.1,0.4,3.6,114.6,0.6,7.2,110.8,0.2,8,114.8,0.6,7.1,107.1,-0.3,0.9,105.5,-0.3,1,110.2,-0.4,0.8,108.4,1.2,-1.7,104.3,-0.1,1.3,123.3,1.3,6.3,104.4,0,1.7,108.9,0,2,113.7,0,3.1,99.2,0,0.9,100.2,0.2,2.4,104.6,-0.2,1,110.9,0.3,3.2,71.8,0,0.1,104.2,0.2,1.1,99.7,0,0.2,108.2,0,1.3,112.9,0.6,2.8,112.9,0.4,2.3,106.8,1.3,1.4,116.8,0.1,3.7,110,-0.1,1.8,112.9,0.6,1.9,105.3,0,1.3,104.3,0,1.1,102.9,-0.2,1.3,117.8,0.8,4.2,114.7,0,0.3,102.6,0,0.7,123.5,-3.3,6.7,106,0.2,2.3,112.1,0.4,2.2,73.3,0,1.2
m03  ,202502.0,1.0,1.0,,11.0,,2025000202,2025年2月,00051,近畿地方,,110.5,-0.4,3.6,109.4,-0.1,2.9,112.5,-0.4,4.2,111.3,-0.1,3.4,109,0.2,2.5,104.6,0.1,1.4,124,-0.3,7.3,135.5,-4.3,19.2,121.9,0.6,5.2,142.6,3.5,22.3,129.4,1.1,3.6,127.4,1.2,4.7,118.1,-0.5,3.2,119,0.4,-1.6,130,-6,20.6,135.3,-8.5,28.8,142.3,-1.6,19,146.5,-1.7,20.7,117.8,-0.4,0.7,130.5,0.6,7.2,119.9,0.7,3.6,121.2,-0.4,5.6,109.8,0.2,0.2,115.5,0.2,2.8,103.7,0.1,0.8,114.7,0.2,2.7,99.8,0,0,100,0,0.1,125.1,0.3,4.3,109.7,-4.7,7,104.1,-8,11.8,116.8,-3.6,3.5,140,2,8.8,111.5,0,1.9,120.7,0.3,4.2,120.7,0.7,7.4,122.6,0.2,0.5,109,-0.3,-0.8,122.1,0,4.2,125.6,0.1,2.9,104,0,1.9,108.5,0.1,1.6,110,1.7,2.1,100.4,1.5,3.7,110.1,1.7,2.1,106,-1.3,0.9,101.2,-2.1,0.7,115.4,0.1,1.1,108.5,-0.9,-0.2,106,-1.3,3.6,114.2,0.1,2.1,103.6,0,1.5,109.3,0.2,2.1,109.2,-0.5,2.6,98.9,0,0.8,97.4,0.1,2.3,104.9,-0.2,0,110.3,0.3,3.7,72.4,0,0.2,102.2,0.2,0.3,99.5,0,0,108.2,0,1.3,108.4,0.6,0.9,112.7,0.4,2,107.8,1.2,1.3,110.2,0.3,2.8,116.3,-0.1,3.6,113.5,0.4,1.5,105.1,-0.2,0.9,104.2,0.1,1.3,102.2,-0.9,0.6,116.2,0,1.2,114.7,0,0.3,103.2,0,1,114.4,-4.5,8.2,102,0.2,-0.2,111.8,0.3,1.8,73.7,0,1.2
m03  ,202502.0,1.0,1.0,,12.0,,2025000202,2025年2月,00053,中国地方,,110.9,-0.4,3.9,109.7,-0.2,3.1,112.4,-0.5,4.5,111.1,-0.3,3.6,108.7,0.2,2.9,104.2,0.1,1.6,125.6,-0.4,8.6,141.8,-4.1,21.7,122.7,0.4,6.2,136.4,3.1,19.9,131,0.4,6.4,133.7,0.4,8,120.6,-0.7,6.7,125.8,0.3,1.5,135.4,-5.4,22.1,141.5,-8.1,31.8,148.1,-1.9,21.7,152.1,-1.9,22.9,121.1,-0.2,1.7,132.1,-0.3,10.4,122.7,0.6,5,123,0,8.1,110,-0.4,-0.7,114.8,0.1,2.9,104.2,0.1,0.3,110.9,0.2,1.3,101,0,-0.2,101,0,0.2,119.3,0.4,2.2,110.4,-5.2,4.7,110.3,-7.5,6.6,111.1,-6.3,1.4,152.9,1.7,8.8,103.3,0,2.1,119.2,-0.6,4.3,120.9,-1.6,5.3,116.4,0.3,3.7,114.4,0.7,3,121.9,-0.4,5.6,122.2,-0.1,3.3,103.4,0,1.8,106.9,-0.6,3.3,105.3,-0.4,2.4,105.5,0,3.1,105.3,-0.4,2.4,105.5,-1.3,4.4,101.4,-2.3,5.2,113.9,0.5,3,110,0.3,3.1,106.9,-0.8,3.4,119.9,-0.1,4.6,103.9,-0.1,1.6,108.1,-0.2,2.2,109.9,-0.1,2.6,99.1,0,0.7,100.3,0.4,3.1,103.1,1.1,1.2,112.4,0.4,4.2,72,0,0.1,102.5,0.1,0.2,100.2,0,-0.1,108.3,0,1.5,107.1,0.2,0.5,112,0.6,2.1,106.3,1.3,1.1,111.2,0.9,2.8,116.6,-0.1,3.3,112.4,0.5,1.7,105,0.1,1,105,0.2,1.5,101.7,0.1,0.7,117.3,-0.1,2,114.7,0,0.3,103.2,0,0.8,120.6,-4,5.6,104,0.1,0.4,111.4,0.6,2,72.6,0,1.3
m03  ,202502.0,1.0,1.0,,13.0,,2025000202,2025年2月,00054,四国地方,,110.2,-0.3,3.8,109,-0.2,3,111.9,-0.4,4.3,110.6,-0.2,3.5,107.7,0.1,2.6,103.6,0.1,1.5,122.8,-0.4,7.5,139.9,-3.8,21.4,120,0.3,5.2,131.2,1.4,16.5,130.1,1.6,4.1,131.2,2.7,6.9,116.8,0,6.3,120.5,0.6,2.2,131.5,-4.2,22.8,138.7,-6.2,32.9,147.7,-5.5,19.9,151.5,-5.7,20.7,120.1,-0.3,-0.2,128.1,0,7.6,119.8,-0.2,1.7,124.5,1,7.9,110.6,0.2,-0.2,112.1,0,4,103.1,0.1,0.5,110.7,0.5,1.4,100.4,0,0.1,100.8,0.1,0.1,118.1,0.7,2.3,112.6,-4.5,5.2,112.8,-7.3,7.3,112.8,-1.4,2.9,160.1,2.4,9.8,102,0,0,117.6,-0.3,3.4,115.4,-0.8,5.3,106.8,-0.8,-0.2,102.7,-0.2,-1.3,130,0.2,6.5,124.4,-0.1,1.8,102.9,0,1.3,111.2,0.2,3.6,109,0.1,1.7,99.5,0,0.6,109.2,0.1,1.7,109.9,-1.2,5.8,108.7,-1.8,6,112.2,0.1,5.3,122.6,3.3,5.4,105.7,0.1,2.2,115.6,0.1,3.5,105.3,0.3,1.9,109.7,0.4,1.7,115.3,0.8,4.1,99.1,0,1,99.3,0.4,3.3,107.2,-0.2,0.9,113.4,0.7,4.8,71.5,0,0.1,101.2,0,0.4,99,0,0,108.7,0,1.9,105.5,0,1.3,111.1,0.5,2,109.2,1,2.7,111.1,0.1,2.1,114.8,-0.1,3.5,110.6,0.7,1.6,105.3,-0.4,1.4,104.3,0,0.8,103.1,-0.3,1.1,120.2,0.2,2.9,114.7,0,0.3,102.5,-0.7,1.8,122.8,-2.9,7.1,101.4,-0.2,2.5,110.6,0.4,1.8,72,0.1,1.5
m03  ,202502.0,1.0,1.0,,14.0,,2025000202,2025年2月,00056,九州地方,,110.8,-0.3,4.1,109.6,-0.1,3.3,112.3,-0.4,4.7,110.9,-0.1,3.8,108.9,0.2,2.9,104.2,0.1,1.6,125.7,-0.6,8.5,142.1,-5.3,23.4,123,0.4,6.1,145.9,4.6,26.8,128.3,-0.1,4.8,129.5,-0.2,6,120.8,-1.8,3.4,123.6,0.7,1.5,135.4,-6.2,24,141.7,-8.8,34.2,153.7,-3.5,25.2,159,-3.7,26.9,118.7,-0.5,-0.7,129.3,-0.4,7.7,125,0.9,5.3,119.9,-0.1,6.3,110.4,0.3,0,114,0.2,2.8,104,0,0.8,111.2,0.2,3,100.2,-0.1,-0.2,99.6,0,0.1,124.4,0.5,5.7,109.3,-4.3,7.2,107.7,-7.9,11.2,112.9,-1.5,4.3,148.3,3.1,9.4,104.1,0,1.6,117.8,0.2,3.5,114,0.7,5.4,120.4,-0.9,2.6,102,-0.7,-1.8,123.2,1,4.1,125.6,-0.3,2.8,105.9,0,2,108.5,0.6,3.3,110.2,1.8,3.9,101,0,-0.8,110.5,1.9,4,107.3,-0.9,3.8,104.3,-1.8,4.7,113.4,1,2.2,105.1,0.4,1.6,102,-0.1,-0.2,119.4,0.6,5.4,104.5,0,1.4,109.9,0,3,112.8,-0.1,0.9,99,0,0.8,99.2,0.3,2.6,104.6,-0.3,0.1,111.2,0.5,3.8,71.9,0,0.1,103.5,0.1,1.1,100.9,0,0.5,108.4,0,1.5,109.7,0.4,2.5,111.7,0.4,1.8,107.5,1.5,1.1,111.3,0.4,2.3,113.7,-0.1,3.1,112.1,0.4,1.5,105.4,0,1.2,108.3,0.1,1.5,103.2,-0.1,0.8,118.7,-0.3,3.3,114.7,0,0.3,101.2,0,1,117.8,-3.2,7.7,104,0.1,1.3,111.3,0.4,1.6,72.4,0,1.3
m03  ,202502.0,1.0,1.0,,15.0,,2025000202,2025年2月,00057,沖縄地方,,112.9,-0.3,4.5,112.1,-0.1,4,115,-0.4,5.1,114.2,-0.1,4.6,110.8,0.3,3.6,104.4,-0.3,1.8,127.6,0.4,8.3,130.3,-4.7,14.7,127.2,1.4,7.2,158.1,9.2,34.4,131.2,0.9,0.7,131.9,0.4,-0.4,123.4,0.2,1.1,131.4,0.5,3.4,125.1,-6.5,16.5,124.4,-9.1,22.5,137.5,-0.2,15.3,141.2,-0.2,16,125.7,0.2,0.2,134,-0.1,7.8,124.1,0.8,4.5,121.1,0.2,6.8,112.3,0.5,0.8,116.6,0.1,4.4,102.7,0,0.7,107.4,0,1.5,100.7,0,0.4,100.8,0,0.5,149.8,0.3,5.8,116.7,-4.2,6.6,120.9,-6.7,10,113.5,-0.4,1.5,159.2,3,9.2,104.7,-2.1,2.7,120.3,-2.6,2,111.6,-6.6,0.1,121.5,-0.4,9.4,122.1,0,-4.1,122,-3.4,1.1,128.4,0,4.5,104.8,0,1.1,114.3,1.7,5.1,109.9,0.2,2.7,115.7,0,12.7,109.8,0.2,2.7,124.4,5.2,11.4,129.1,6.5,14,113.2,1.8,5,104.5,-0.3,-2.3,110.7,-1.9,1.9,122,0,8.3,105.1,-1.1,2.7,108,-0.3,1.9,116.1,-4.5,8.5,99.2,0,0.8,99.5,0.5,3.8,107.2,1.6,1.6,116.8,0.5,5.6,70.9,0,0,103.8,0,2.4,99.5,0,0.5,108.1,0,1.2,114.2,0,7.2,112.4,-0.1,1.7,107.2,1.5,0.8,109.8,-1.2,2.7,103.9,-0.1,1.3,116.6,0.1,1.5,106.9,-0.3,1.4,108.2,0,2.4,104.3,-1.1,1.7,121.8,0,2.4,114.7,0,0.3,103,0,1,124.8,-2.9,7.5,104.3,0,4.1,111.6,0.1,1.5,68.8,0,1.5
m03  ,202502.0,1.0,1.0,,16.0,,2025000202,2025年2月,01100,札幌市,,112,-0.4,3.4,110.9,-0.1,3,113.9,-0.4,3.9,112.6,-0.1,3.4,109,0.1,2.7,104.3,0.2,1.6,125.8,-1,6.8,138.6,-5.5,12.9,123.3,0,5.6,138,1.3,19.5,125.5,-1.1,-2.2,121.6,-1.8,-8.5,124.9,-1.1,5.7,128.6,-0.4,-1.9,138.8,-7.6,18.4,145.8,-10.2,23.7,141,1.1,19.6,145,1.2,20.7,116.1,1.2,-1.4,122.2,-1,-1.1,125.7,-0.2,7,124.1,1.3,9.5,106.3,-0.3,-0.7,119.2,0,6.2,104,0,1.7,112.2,0.1,4.1,99,0,0.1,99.1,0,0.1,129.2,0.1,8.5,123.8,-1.3,5.6,119.4,-6.1,5.9,110.2,-2.1,1.7,161.7,6.9,10.3,100,0,0,119.1,0.6,2.8,114.1,1.9,1.7,133.4,0.7,6.4,113.2,0.6,2.1,126,-1.2,5.3,123.8,0.5,2,104.2,0,2.2,109.5,1.1,3.6,106.3,1.4,0.1,113.2,0,-5.7,106.2,1.4,0.2,112,1.7,6.1,111.6,2.3,8.3,112.9,0.3,1.5,115,0,7.8,105.7,-0.5,5.6,111.5,0.9,3,103.1,0,1.8,110.4,0.2,4.1,105.7,-0.3,1.5,99.3,0,0.9,98.1,-0.7,1.1,104.7,-0.3,0.6,110.8,-1,1.5,73.2,0,0.3,103.7,0,1.2,101.9,0,0.6,108,0,1.1,107.9,0,2.6,111.8,0.8,0.9,108.1,1.1,1.4,110.3,1.6,3.9,118,-0.1,9.1,111.6,0.7,-1.9,107.3,-0.4,1.4,113.1,-0.3,2.6,101.8,-0.8,0,120,-0.7,6,114.7,0,0.3,102.9,0,0.8,129,-2,4.8,105.1,0,2.3,111.1,0.7,0.9,75,0,1.2
m03  ,202502.0,1.0,1.0,,17.0,,2025000202,2025年2月,02201,青森市,,112.3,-0.5,3.8,111.1,-0.1,3.3,114.4,-0.6,4.5,113.1,-0.2,3.9,108.8,0.1,2.4,104.8,0,1.5,122.5,-1.1,5.8,137.1,-6.6,13,119.6,0.3,4.3,125.3,1.3,9.6,133.2,0.2,2,141,1.2,5.5,120.6,2.4,0.9,119.9,0.1,1.3,129.1,-9.3,16.4,132,-13.5,18.8,139.5,-1,12,142.8,-1.3,12.7,122.4,1.4,0.8,126.3,-1.6,6,123.4,0.2,4.9,123,0,6.7,108,0,-0.5,106.7,0,5.3,107.4,0.1,1.6,123.3,0.2,6,100.9,0,-0.4,101.7,0,-0.1,133.9,0.3,8.4,125.4,-2.4,8.3,110.1,-8.4,5.8,112.2,-0.1,0.7,175.8,3.4,20.3,109.1,0,0,116.5,-0.5,5.1,118.7,-2.9,10,112,-0.5,12.9,103.1,2.7,-2.9,123.5,0.1,3.8,117,1.2,2.4,109.2,0,0.7,106.1,-0.5,0.8,108.9,-1.4,-1.2,104.5,0,0.1,109,-1.4,-1.2,103.1,1,4.9,102,2.3,8.6,105.1,-1,-0.7,106.2,2.1,-2.5,102.5,-6.6,-2,110.2,0,5.3,102.5,0,1.3,107.1,0,1.6,104.4,-0.1,2.1,99,0,0.7,99.2,0.6,3.3,102.5,-0.2,-0.2,114.3,0.9,5.2,73.1,0,0.1,99.1,0,-0.2,99,0,0.6,107.6,0,0.7,98.1,0,-2.9,111.3,0.3,2.3,110.5,1,1.3,110.7,-0.5,6.6,115.1,-0.2,1.7,110.4,0.7,0.8,103.2,-0.2,-0.9,106.3,0,0,104.6,0,1.4,119.9,-1.7,14.6,114.7,0,0.3,95.9,0,-5.9,131.2,-1.7,10.2,84.8,-0.5,-1.3,110.2,0.2,2.1,75.9,0,1.1
m03  ,202502.0,1.0,1.0,,18.0,,2025000202,2025年2月,03201,盛岡市,,111.9,-0.5,3.5,111.3,-0.2,3,113.5,-0.6,3.9,112.8,-0.3,3.4,110.1,0.1,2.8,104.7,0.1,1.6,125.5,-0.9,6.7,125.8,-5.5,12.4,125.4,0.1,5.7,133.8,3.1,14.9,127.5,-0.1,3.1,125.1,0.7,3.3,149.3,-1.9,5.2,126,0.1,0.2,126.9,-5.8,14.9,126.4,-9,19,123.6,-4,10.2,125.4,-4.2,10.6,117.5,1,-1.6,131,-0.6,9,125,0.5,6.4,124.1,-1.5,6.8,109,0,-0.1,112.4,0.2,4.3,105.2,0,0.2,113.8,0.1,0.6,99.8,0,0,99.3,0,0,125.5,0.1,1,114.7,-3.5,3.8,110.1,-8.4,5.8,115.7,-1.3,0.8,139.7,2.9,6.2,104.7,0,0,120.3,0.5,3.4,121.3,2,4.2,118.1,0,10.5,121.1,-0.2,0,119.3,0,4,121.4,-0.9,2.2,111.1,0,3,108.9,0.6,5.4,108.8,2.9,5.2,105.3,0,-3.2,108.9,2.9,5.3,113,-1.3,6.3,114.7,-1.9,10.2,109.7,0,-1.2,101.1,-1.7,3,105.9,0,9.4,113.8,0,3.3,102.9,0,2.4,108.9,-0.2,3.7,103.8,0.1,4.1,99.2,0,0.9,99.5,0.2,2.3,103.3,-0.2,0.2,112.3,0.3,3.2,72.4,0,0.1,103.8,0,0.7,100.5,0,0.5,108.5,0,1.7,113.2,0,1,113.1,0.4,2.9,108.5,1.3,1.9,107,0.2,3.1,116.2,-0.1,1.8,116.1,0.4,3.2,105.8,-0.1,1,108.9,0,2.1,100.5,-0.5,-0.2,126.9,0.3,4.3,114.7,0,0.3,102.6,0,0.7,121.9,-2.8,5.1,106.9,0.1,2.1,112.2,0.3,2.7,73.3,0,1.3
m03  ,202502.0,1.0,1.0,,19.0,,2025000202,2025年2月,04100,仙台市,,113.2,-0.6,4,112.1,-0.3,3.4,114.5,-0.7,4.4,113.3,-0.4,3.7,111.2,0,3.1,106.5,0,1.9,125.2,-0.9,7.3,133.8,-4.9,15.3,123.4,0.1,5.7,139.3,1,18.5,126.4,2,1.9,123.9,3.3,-1.3,119.4,-0.3,5.2,122.6,0,0.8,130.3,-6.8,20.5,133.5,-10.4,27.4,142.5,-1.3,13,146,-1.5,13.9,124.6,-0.6,1.5,127.8,0.6,9.7,126,-0.4,2.8,124.3,-1.3,5.9,108.1,0.2,-0.6,116,0,3.9,108.8,-0.1,2.5,116.5,-0.3,4.7,102.7,0,0.7,99.6,0,0.2,129,-0.4,7.6,113.9,-4.6,4.5,110.1,-8.4,5.8,117.2,-3.8,3.4,151.8,2.7,11.4,106.8,0,0,113.6,-0.9,2.9,100.1,-2.9,-2.3,119.4,0,5.2,110.4,1.1,2.2,119.2,1.5,8.3,123.7,-1.7,3.6,102.1,0,1,111.9,0,0.4,117.1,0.9,0.5,119.9,9.7,12.8,117,0.8,0.4,109.6,-0.6,-0.9,106.1,-0.5,-1.3,116.7,-0.7,0.1,101.2,-1.4,0.1,105.4,-0.7,1.5,119.3,0,5.2,105.1,-0.1,1.6,109.7,0.1,1.6,115.7,-0.4,4.5,99.4,0,0.6,99.8,0.5,3.4,101.5,-0.2,-0.1,116.6,0.9,5.6,73.6,0,0.3,103.5,0,3.3,96.1,0,-0.6,107.7,0,0.8,117.7,0,10.5,114,0.5,1.2,105.7,1.4,-0.1,115.3,-0.4,-0.6,114.6,-0.1,1.8,114.8,0.8,2,106.4,0.1,2,104.2,0,2.4,102.7,-0.2,0.9,130.7,0.8,8.4,114.7,0,0.3,102.3,0,0.7,121.9,-3.6,6.5,105.8,-0.2,2.8,112.5,0.4,1.1,74.8,0,1.2
m03  ,202502.0,1.0,1.0,,20.0,,2025000202,2025年2月,05201,秋田市,,113.4,-0.5,3.8,111.6,-0.3,3.1,115.3,-0.5,4.5,113.3,-0.4,3.6,110,0.1,2.5,105.6,-0.1,1.3,127.1,-0.1,7.5,147.5,-2.7,16.1,122.6,0.6,5.4,138.5,1.5,15.1,139.8,1.7,1,142.6,1.2,-4.3,118.1,0.1,7.1,125.5,1.9,0.4,138.3,-4.3,20,147.1,-5.8,27,150.1,-0.4,22.2,153.4,-0.7,23.5,122.4,1.2,1.3,123.9,0.7,8.2,126.6,0.6,4.3,124.5,-0.4,8.8,108,-0.1,-1.1,115.3,0,1.8,107,0,0.6,122,0.1,2.7,101.6,0,-0.3,100.6,0,-0.5,131.2,0.2,3.9,118,-4.2,6.4,110.1,-8.4,5.8,112.6,-3.6,4.6,169.2,0,14.5,100,0,0,122.5,-1.7,6.2,126.1,-3.2,12.6,107.9,2.9,8.2,108.4,1.4,0,122.6,-1.3,9.3,128.2,-1.4,-0.6,102.2,0,0.4,112.6,-0.5,2.6,113.1,0.4,5.2,106.2,0,0,113.2,0.4,5.2,109,-2.3,1.5,106.7,-3.6,2.6,113.4,0,-0.4,121.9,0,-1,107.8,0.3,0.8,112.3,0,2.7,103.9,-0.4,1.4,107.1,-0.4,2.3,115.2,-1.5,2.1,98.5,0,0.6,99.6,0.3,2.2,102.5,-0.3,-0.3,112.4,0.5,3.2,72.8,0,0.1,100.5,0.9,0.7,98.2,0,-0.5,108.5,0,1.7,104.5,2.9,2.9,114.3,0.1,1.6,110.5,1.4,1.2,113.5,-1.4,1.7,115,-0.1,1.7,114.8,0.6,1.5,105.8,0,1.2,108.2,0,0,102.6,-0.3,-0.3,100.9,1.1,3.3,114.7,0,0.3,106.6,0,2.1,126.4,-3.5,7.7,102.6,0.8,0.8,112.9,0.1,1.4,78.7,0,1
m03  ,202502.0,1.0,1.0,,21.0,,2025000202,2025年2月,06201,山形市,,112.3,-0.7,3.9,111,-0.4,3.1,113.7,-0.9,4.5,112.2,-0.4,3.7,109.7,0,3,105.5,-0.1,1.5,125.5,-1.2,8.6,143.9,-7.1,18.9,122.2,0.2,6.7,137.9,-1.7,19.5,133.2,1.8,8.2,141.2,1,11.4,111.3,0,5.2,123.7,0.9,-0.1,132,-8.9,16.7,139.5,-13.6,24.2,150,-1.7,16,153.7,-1.7,17.2,122.4,-0.1,2.2,135.9,-0.2,11,124.6,0.8,7.8,126.6,0.3,10.1,107,0.2,-0.7,113.6,0,2.8,108.2,0,1.2,120.4,0,4.2,103.2,0,0,101,0,0.2,143.2,0,7.7,114.3,-3.7,4,110.1,-8.4,5.8,107.5,-0.8,0.5,165.8,1.7,8.1,100,0,0,121.6,-1.2,4.2,125.4,-1.2,3.9,115.4,0,10.9,121.3,-1.2,-1.4,124.4,0,8.8,120.1,-2.2,2.7,104.7,0,0.6,114.1,0,2.7,120.3,0.2,5,99.2,0,0,120.4,0.2,5.1,110.9,0.5,3.2,112,0.9,6,108.5,-0.4,-2.4,107.2,0,-2.5,102.1,-2.9,-3.9,124.4,0.3,5.1,104.7,-0.4,0.4,108,0,0.9,112.8,-1.8,-1,99.7,0,0.8,99.3,0,2.6,103.3,-0.2,1.5,110.9,0,3.4,72.4,0,0,100,0,0,98.5,0,-0.3,108.4,0,1.6,104.2,0,0.6,113.5,0,1.3,106.8,1.3,1,108.6,-1.2,-0.1,114.2,-0.2,1.9,116.8,0.5,1.8,105,0.1,0.9,103.6,0,0,103,0.1,0.5,128.9,0.4,3.8,114.7,0,0.3,101.3,0,1,122.8,-3.4,4.4,102,0,0.7,113.1,0.1,1.3,72.5,0,1.3
m03  ,202502.0,1.0,1.0,,22.0,,2025000202,2025年2月,07201,福島市,,110.6,-0.3,3.4,109.4,-0.1,2.8,112.5,-0.3,4,111.2,0,3.3,108,0.2,2.5,103.6,0,1.3,122.6,-0.1,7,136.6,-4.3,15.3,120,0.8,5.4,136,3,20,132.9,0.9,2.8,135.8,0.4,5.7,109.1,0.4,5,119.2,-1.2,0.7,130.2,-4.4,17.3,135.4,-7.1,23.1,137,-3.2,12,139.2,-3.4,12.8,120.2,-0.5,-0.5,127.8,0,9.3,124.1,2.2,5.1,115.9,-1.4,3.4,105.7,-0.6,-0.5,112,1.2,2.8,101.5,-0.4,-0.6,108.8,0.2,0.1,98.5,-0.6,-0.8,95.8,-0.3,-0.8,113.7,0.3,0.3,114.3,-3.9,4,110.1,-8.4,5.8,119.8,-0.9,0.7,154.2,4.4,7.7,100,0,0,118.7,-1.1,2.3,117.1,-3,1.9,112.3,0,-0.8,110.9,0,-1.8,122,-0.2,1.8,129.8,-0.8,5.9,102.2,0,0.1,109.8,2.4,4.7,112.6,2.9,4,99.6,0,0,113.4,3.1,4.2,105.9,4,6.2,104.1,6,5,109.6,0.1,8.8,106.1,0,3.4,114,0,5.2,115.9,0,4.2,104.1,-0.1,2.2,109.1,0,3.2,110.1,-0.4,4.2,98.6,0,0.7,99.5,0.7,2.3,101.2,-0.2,-0.2,112.6,1,3.3,73.4,0,0.1,104.1,0,2.8,100.8,0,1,108.5,0,1.7,110.3,0,6.3,114.8,0.2,2.5,109.2,1.1,2.2,115.2,-0.7,4.1,113.3,-0.2,1.8,116,0.6,1.8,103.6,-0.1,1.5,102.6,0,0.8,100.9,-0.9,1.1,112.7,1.7,4.6,114.7,0,0.3,102.1,0,1.5,122.3,-2.5,5,104.3,0,2.5,113.9,0.1,2.4,73.2,0,1.5
m03  ,202502.0,1.0,1.0,,23.0,,2025000202,2025年2月,08201,水戸市,,111.1,-0.2,4.2,109.9,-0.1,3,112.6,-0.2,4.9,111.3,-0.2,3.6,108.8,0.2,2.7,104.3,0.1,1.7,125.1,0,9.1,140.7,-1.4,34,122.3,0.3,5.2,137.3,2.5,17.5,139.5,1.3,8.9,145.2,3.9,14.9,120.4,0.8,7.4,121.8,-0.8,0.2,125.2,-4.5,26.3,126.5,-7.5,39.2,153.4,3.1,42.4,161.2,3.2,47.7,129.1,-1.2,5,129.8,0,4.8,127.9,0.7,5.2,125.2,-0.3,5.9,108.4,0.6,0.1,106.7,0,1.4,103.9,0.1,0.2,110.3,0.2,2.2,101.2,0,-0.5,99.2,0.1,-0.2,127.2,0.3,5.2,113.4,-4,5.1,116.4,-7,9,113.4,-2.4,2,150.5,2.4,5.8,101.2,0,0,122.7,0.5,4.8,123.3,0.6,0,119,0.8,4.7,119.5,-0.5,4.9,134.5,1.3,12.9,120.4,0,5.3,103,0,1.4,105.1,0.7,2.7,101.4,0.8,2.1,104.2,0,0,101.4,0.8,2.1,106.5,0.1,1.9,104.6,-0.3,3,110.3,1,-0.2,109.4,1.2,2.3,108.8,2.4,11.1,105.6,0,1,104.1,0.2,1.5,109.6,0.5,3.1,113.9,0.4,1.9,98.7,0,0.7,98.6,0.3,3.1,103.2,-0.1,1.7,111.2,0.4,4.3,71.9,0,0,103.3,0.1,0.5,102.4,0,0.2,107.8,0,0.9,106,0.4,1.4,114.2,-0.1,3,107.6,1.4,1.1,114.3,-0.1,10.3,115.4,-0.1,2.7,114.9,-0.2,0.6,106.3,0.1,1.5,103.4,-0.1,0.8,102.4,0.1,2.8,128.3,0.1,2.3,114.7,0,0.3,103,0.1,1.2,121.7,-3,6.7,99.9,0.1,-1.8,113.5,-0.1,3,73,0,1.3
m03  ,202502.0,1.0,1.0,,24.0,,2025000202,2025年2月,09201,宇都宮市,,110.3,-0.4,3.5,109.4,-0.1,2.8,112.3,-0.4,4.2,111.3,-0.1,3.4,108.3,0.1,2.4,103.2,0.1,1.2,125,-0.7,7.7,132.3,-4.8,20.7,123.7,0.1,5.4,134,3.4,13.1,137.8,-1.9,3.6,128,-3.1,0.4,114.6,-0.3,4.6,121.5,1,3.9,127.4,-4.5,24.8,131.8,-6.7,36.3,137.1,-2.4,17.3,137.9,-2.6,17.8,123.4,-0.3,1.8,132,-0.8,7.5,128.5,-0.5,7.3,118,-0.3,3,107.3,-0.5,-1.2,118.1,0.1,2.8,100,0,-0.2,103.2,0.2,1.4,98.6,0,-0.8,97.5,-0.1,-0.6,107.1,0.3,2.7,113.2,-3.7,4.9,116.4,-7,9,116.3,-1.7,3.1,143.5,2.3,1,100,0,0,120.5,0.5,4.7,114.5,1.4,7.5,165.5,0,6.1,112.3,-0.8,-6.4,125.4,-0.5,4.5,119.4,0.6,5,104.8,0,2.3,104.3,0.5,2,103.4,0.6,6.6,102.7,0,2.9,103.4,0.6,6.6,99,0.4,-0.6,92,0.2,-2.4,112.3,0.6,2.3,116.9,-0.1,0.3,104.4,1.5,-4.3,109.2,0,2.9,106.5,0.1,3.6,110.8,0.1,4.2,123.6,0.1,10.2,98.9,0,0.7,100,0.5,1.9,105.3,-0.2,0.1,110.3,0.7,2.5,72.1,0,0,103.2,0.3,0.8,100.9,0,0,108.5,0,1.7,107.1,0.8,2.2,112.6,0.2,2.1,111.2,1.5,3.1,104.1,0.2,3.5,116,-0.2,2.7,115.5,0,1.3,105.6,-0.1,1.2,107,0,1.7,104,0,1.8,113.5,-0.6,1.8,114.7,0,0.3,102.8,0,0.6,122.6,-2.5,6.4,104.3,-0.1,2.1,112.1,0.1,2,73.8,0,1.2
m03  ,202502.0,1.0,1.0,,25.0,,2025000202,2025年2月,10201,前橋市,,110.7,-0.2,3.6,109.5,0,3.1,113,-0.3,4.3,111.7,0,3.7,108.2,0.3,2.7,104.1,0.2,1.5,123.1,-0.5,7.2,138.6,-4.4,14.2,120.3,0.4,5.8,148.1,1,27.2,136,-1.8,0.9,140.3,-3.7,-2.8,117.6,0.3,2.6,117.9,1.4,1.8,121.6,-6.7,14.3,126.7,-9.5,21.2,152.8,3.2,21.1,158.1,3.4,22.7,108.8,0.9,-1.1,125.3,-0.6,5.1,125.5,1.2,5.8,112.4,-0.9,6,107.4,-0.3,0.1,110.8,0,1.5,101.3,0,0.8,111.6,-0.5,3.5,98.8,0.1,0.1,97.6,0,-0.2,121.5,-0.8,5.8,117.3,-3.6,5.6,116.4,-7,9,119.1,-2.1,3,148.6,5.9,10.5,110.1,0,0,114.3,-0.3,1.2,108.1,-2.3,0.9,105.8,0.7,-3.1,105.1,10.3,-0.2,130.2,-0.4,2.4,114.1,-0.5,2,112.5,0,0.7,109.8,0.3,2.3,108.5,1.4,2.3,113.6,0,8.9,108.2,1.5,2,108.6,-0.4,1.5,103.6,0.3,1.5,117.5,-1.4,1.4,108.8,-1.2,0.1,113.5,-0.4,5.6,125.4,0,5.3,102,0,2.1,106.7,0.3,2.2,104.5,-0.2,5.7,99,0,0.8,101.9,0.5,3.4,104.1,-0.2,-0.2,111.8,0.6,4.5,72.4,0,0.1,102.9,0,-0.5,99.8,0,-0.9,108.2,0,1.4,108.7,0,0,114.7,0.8,2.5,108.4,0.8,2.5,115,1.3,2.6,115.8,-0.1,2.7,115.3,0.8,2.4,106.8,0.1,1.2,109.6,0.7,2.7,102.3,0,1,118.2,0,0.9,114.7,0,0.3,103,0,0.8,124.8,-2.8,7.6,102.7,0,-2.6,114,0.8,2.4,74.5,0,1.2
m03  ,202502.0,1.0,1.0,,26.0,,2025000202,2025年2月,11100,さいたま市,,109.4,-0.3,3.2,108.5,0,2.6,111.8,-0.4,3.9,110.8,0,3.3,107.8,0.3,2.3,104.4,0.1,1.4,122,-0.2,7,134.8,-6.7,17.4,119.8,1.1,5.2,138.2,4.9,20.3,127.9,-0.2,0.9,126.7,-2.4,0.1,126.1,1.1,11.6,116.3,1.7,-1.1,127.9,-8.6,18.5,132.8,-11.7,24.9,142,-0.1,20.4,147.2,-0.2,22.1,114.3,-0.8,0.8,126.3,0.1,6.1,119.5,1.3,2.2,119.9,0.9,5.8,106.2,0.9,-0.1,111.7,0.2,2.4,102.3,0,0.6,113.2,0.1,2.1,100.2,0,0.3,100.9,0,0.6,122.3,0.2,3.1,113,-4.5,6.2,116.4,-7,9,119.2,-4.4,7.1,146.6,2.3,11.5,100,0,0,118.4,0.4,4.9,120.8,0.7,4.4,112.3,0,3.9,120.9,0.7,7.7,112.7,-0.4,5.3,122.4,0.6,4.5,108.9,0,7.6,105,-0.6,2.6,105.3,-0.9,2.4,99,0,-6.1,105.5,-1,2.7,104.4,-1,2.9,103.7,-0.9,4.6,105.8,-1.2,-0.9,94.1,0,0.9,109.6,0.5,3.4,124.3,1.4,5.7,104.3,0,2.8,109.5,-0.1,2.3,110.9,0,7.8,99.3,0,1,100.5,0.1,1.5,104,-0.2,-0.4,112.5,0.3,2.5,72,0,0.2,104.2,0,1.1,101.9,0,0.8,108.1,0,1.3,112.6,0,2.2,114.5,0.3,2.1,108,0.9,1.7,109.1,0.9,3.7,116.2,-0.1,4,117.4,0.1,1.4,104.4,0,1,105,0,1.2,101.2,-0.2,1.1,113.5,0.2,1.9,114.7,0,0.3,102.1,0,0.7,121.3,-4.4,7.7,105,0.1,1.4,113,0.2,1.7,76.3,0,1.1
m03  ,202502.0,1.0,1.0,,27.0,,2025000202,2025年2月,12100,千葉市,,109.8,-0.3,3.3,108.8,0,2.8,111.6,-0.4,3.9,110.6,0.1,3.3,108,0.4,2.5,104.6,0.2,1.7,121,-0.6,6.6,132.5,-6.9,16.2,119,0.8,4.8,136.8,4.2,21.3,129.4,0.5,1.7,129.3,0.2,3.5,110.8,1.6,-0.8,116.9,2.3,-1.2,123.9,-9.7,16,128.2,-13.6,20.3,141.6,0.8,22,145.8,0.8,23.5,116.6,1,2,122.2,-1.2,4.7,119.2,0.5,5.3,115,0.6,8,109.1,-0.5,0.6,117.5,0.1,2.9,104,0.1,0.7,113.1,0.3,1.8,100.9,0,0.3,101.3,0,0.4,121.4,0.5,2.7,113.6,-4.4,5.8,116.4,-7,9,119.8,-4.6,3.5,138.6,2.9,10,102.3,0,2.3,118.7,-0.2,4.2,114.5,-1.8,5.5,122.2,0.5,8.1,114,1.6,-0.8,119.8,0.3,3,123.7,0.6,3.6,114.6,0,8.3,110.3,1.1,7.4,108.2,2,4.1,90.4,0,0,108.5,2,4.2,108.5,1,7.6,102.3,2.2,10.1,120,-0.8,4,119.9,0,18.7,107.7,-0.8,5.8,115.2,0,6.2,101.1,0.1,1.3,107.6,0,1.7,97,-0.1,1.9,99.4,0.2,0.9,98.8,0,1.9,103.3,-0.1,-0.2,112.1,0.1,3.1,71.7,0,0.1,106.1,0.6,1,104.9,0,0.2,107.9,0,1,108.4,2.1,2.7,112.6,0.6,2.4,107.4,1,2.3,109.2,1.2,4.3,115.7,-0.1,4,114.1,0.5,1.3,106.2,0.1,0.9,105.8,0,0.3,100.8,-0.4,-0.3,122.4,1.5,4.3,114.7,0,0.3,102.7,0,0.8,122.6,-4.3,7,106.9,0.7,1.1,111,0.5,2,72.6,0,1.3
m03  ,202502.0,1.0,1.0,,28.0,,2025000202,2025年2月,13100,東京都区部,,109.7,-0.4,2.8,108.5,-0.1,2.2,111.8,-0.5,3.3,110.4,-0.2,2.5,108,0.2,1.9,104.3,0.2,0.8,123,-0.9,7,139.6,-5.9,18,120.1,0.3,5,140,2.3,19,131.4,-1,2.3,131.3,-1.6,2,118.6,-0.1,5.9,119.8,0,-1,131.7,-7.4,20.2,138,-9.9,26.4,146.9,-1.7,19.2,152.5,-1.9,20.7,120.1,-0.1,0.5,127.1,-0.4,6.8,119.9,0.5,2.6,118.4,0.5,5.9,109.5,0,0.6,113.1,0.1,3.5,102.9,0.1,1,106.7,0.3,1.7,101.5,0.1,0.7,101.6,0.1,1,114.3,0.5,2.6,113.3,-4.9,5.4,116.4,-7,9,119,-4.9,3.9,138.1,1.5,4.3,100,0,0,119.7,0.2,3.7,120,-0.2,5.5,129.5,0,3.3,115.5,0.7,2.5,119.5,0.6,3.6,122.2,0.3,2,106.1,0,4.3,110,0.3,2.7,110.5,1.4,3.2,108.6,0.4,1.6,110.6,1.5,3.2,109.6,-0.4,0.7,105.9,-0.6,-0.4,118.4,0,2.9,107.8,-0.9,5,111,-1.3,3.3,111.3,0.3,3.2,104,0,2.1,108.8,-0.2,3.2,113.4,0.3,4.2,99.2,0.1,0.9,96.2,0,1.9,104.4,-0.2,-0.1,110.1,0.1,4,73.4,0,0.3,93.9,0.2,-9.3,85.2,0,-15.3,108,0,1.1,113.9,0.6,3.2,115.2,0.5,2.1,108.3,1.1,1.5,113.3,0.8,2.1,115.4,-0.1,4.3,116.7,0.4,1.7,106.6,0,1.4,106.5,0.1,1.9,103.6,-0.4,1.7,120.6,0.3,1.5,114.7,0,0.3,102.6,0,1,119.6,-5.3,6.9,92,0.3,-9.4,113.7,0.4,1.8,75.8,0,1.3
m03  ,202502.0,1.0,1.0,,29.0,,2025000202,2025年2月,14100,横浜市,,110.3,-0.4,3.4,109.2,-0.2,2.7,112.7,-0.5,4.1,111.5,-0.3,3.2,108.5,0.1,2.4,104.6,-0.1,1.1,124,-0.3,8.3,135.5,-4.7,19.8,121.7,0.7,6.1,137.7,2.6,22.6,126.3,0.5,4.6,125,0.1,6.1,119.4,0.5,8.3,121.7,0.8,1,129.1,-5.6,18.9,132.8,-7.8,24.3,148.1,-2.9,23.8,153.5,-2.9,26.4,117.3,0.5,0.5,127.4,-0.4,5.8,117.8,0.6,3.2,123.5,0.8,7.7,108.5,-0.3,0,119.7,1,4.3,102.2,0.1,0.8,106.4,0.4,1.4,101,0,0.6,101,0,0.6,113.8,0.8,2.3,115.2,-4.6,5.6,116.4,-7,9,119.3,-4.4,4.8,148.6,1,7.3,106.6,0,0,118.2,-1.5,2.2,117,-3.6,0,108.1,-3.1,-1.6,120.7,-1,6.7,121.2,0.3,4.5,120.5,0,2.7,107.2,0,3.6,108.5,-0.2,1.8,107.4,0,-0.8,103,0,1.4,107.5,0,-0.8,107.7,1.5,7,109,3.1,11.2,104.8,-1.8,-1.4,112.8,-3,0.2,109.5,-2.8,2.4,109,0,0.5,103.4,-0.2,1.8,107.1,0,2.5,113.1,-0.9,4.1,98.9,0,0.7,97.2,0,1.5,105.1,-0.2,-0.5,111.1,0.1,3,72.4,0,0.2,103.2,0,0.8,101.1,0,0.7,107.7,0,0.8,110,0,1,116.9,-0.1,1.7,113.9,0.8,3.7,107.9,0,-1,115.7,-0.1,3.9,120.4,-0.3,1.8,106.1,-0.2,1.1,111.2,0,3.6,101.3,-0.4,-0.3,116.7,-0.9,2,114.7,0,0.3,101.4,0,0.7,120.8,-4.8,7.4,104.2,0.1,1.2,115.1,-0.2,1.3,76.9,0,1.7
m03  ,202502.0,1.0,1.0,,30.0,,2025000202,2025年2月,15100,新潟市,,110.1,-0.3,4,108.8,-0.2,3.2,112.8,-0.3,4.9,111.4,-0.2,4.1,107.6,0.3,2.8,103.1,0.1,1.6,124.5,0.1,8,139.3,-2.8,20.3,121.7,0.8,5.7,139.2,4,20,136,-0.6,6.4,135.7,-1.4,7.6,116.7,2.3,4.9,116.7,-1.1,1.8,131.3,-1.9,19.3,136.5,-3.3,25.2,145.6,-2.6,20.8,149.2,-2.8,23.4,118.3,-0.7,-1.2,131.8,1.5,8.8,117.6,-0.4,2.9,115.9,0.3,3.8,108.3,-0.3,-0.9,120.3,0.1,5.6,98.5,-0.2,-0.5,108.9,0.1,2.5,96.1,-0.2,-1.3,98.4,-0.1,-0.3,117.1,0.2,4.4,116.9,-4.8,9.5,110.1,-8.4,5.8,126.4,-4.7,12.9,139.5,1.9,6.3,114.4,0,14.4,114.4,0.6,3.2,104.1,1.1,-1.3,114.5,0,1.9,114.5,1.4,4.6,126.5,1.4,8.8,121.3,-0.2,4.8,103.8,0,1.4,109.4,0.1,3.8,106.4,-0.1,2.6,100,0,-5,107.2,-0.1,3.6,113.3,-0.3,7.8,108.8,-0.5,7.9,123.1,0.1,7.5,107.7,-1,-2.9,107.5,0.3,3.9,120.5,6.6,7.1,102.4,-1.2,0.6,110.9,-1.9,2,101.4,-3,-1.3,98.7,0,0.7,100.6,0.2,2.5,105.9,-0.2,-0.2,111.4,0.2,3.4,71.9,0,0,102,0,1.3,99.2,0,0.2,108.4,0,1.5,110.7,0,5,114.7,0.9,3.2,107.8,1.4,0.6,115.1,2.2,0.4,116.3,-0.1,11.6,115.1,0.6,2.9,105.6,0.1,1.7,104,0,2.2,105.2,-0.5,2.1,117.5,2.5,4.1,114.7,0,0.3,102.4,0,0.9,122.1,-4.1,7.9,104.8,0.7,2,114,0.8,3,73.4,0,1.3
m03  ,202502.0,1.0,1.0,,31.0,,2025000202,2025年2月,16201,富山市,,111.5,-0.3,3.5,110.2,-0.2,2.7,112.9,-0.3,4,111.4,-0.2,3.1,108.7,0.3,2.3,104.3,0,1.1,124.6,0.3,7.5,141.7,-2.5,20.8,121.3,0.9,4.9,145.1,11,17.3,140.3,1.9,6.9,147.6,1.8,9.4,109.2,-0.9,2.1,114.2,-1.4,1.5,129,-5.4,19.5,130.6,-7.8,28,150.7,1.6,22.7,154.9,1.7,24.2,117.1,-1.2,-1.1,126.3,0,8.1,124.2,0.3,5.4,117.1,-1.4,4.6,107.9,-0.9,-1.9,116.7,0,2.4,104.9,0,-0.1,113,0.1,0.5,101.3,0,-0.5,100.3,0,-0.7,117,0.2,0.8,116.6,-4.4,5.7,120.1,-7.4,7.5,112,-2.3,5.2,147.5,0.5,8.2,100,0,0,120.2,-0.7,3,120.6,-2,3.1,99.4,-2.1,-1.7,95.4,-1.2,2,130.2,0.6,5.2,125.7,0.2,2.2,108.5,0,4.8,107.4,-0.4,2,105.8,0.1,2,88.4,0,3.9,105.9,0.1,2,105.7,-2.6,0.5,100.1,-3.9,-1.6,117.1,-0.4,4.3,112,2.1,3.1,104.1,0,4.6,119.6,0,3.3,102.2,0.1,0.9,107.8,-0.2,2.7,101.5,0.6,-0.6,99.3,0,0.7,100.2,0,1.6,102.5,-0.3,0.1,111.9,0,2.1,71.8,0,0.1,100,0,0,99.9,0,0,107.4,0,0.5,99.6,0,0,112.9,0.3,3.3,110.7,0.6,1,113.8,0.6,2.3,116.6,-0.1,11.8,112.2,0.3,2.3,104.8,0.1,1.7,102.3,0,0.5,104.5,1,3.5,122.5,-0.3,3.1,114.7,0,0.3,102.1,-0.3,1.2,126,-4,6.6,103.2,0,0.9,112.1,0.3,3,74.2,0,1.2
m03  ,202502.0,1.0,1.0,,32.0,,2025000202,2025年2月,17201,金沢市,,111.2,-0.1,4.1,110.2,0.1,3.4,112.9,-0.1,4.6,111.8,0.1,3.8,108.8,0.4,3.3,104.1,0.2,1.8,125.3,0.2,9.2,138,-3.5,20.9,123.2,1,7.3,136.9,7.5,19.4,129.7,-0.3,7.1,135.3,-1.3,7.6,146.5,2,17.4,125.8,-0.2,5.8,134.5,-4.6,24.4,132.6,-6,29.8,147.6,-0.8,21,153,-1,23,116.7,-0.5,0.1,133.9,1.6,8.1,111.7,-0.8,1.6,123.4,-1,6.5,105.3,-0.4,-0.8,111.8,0,2.7,102.1,0,1,104.9,0.1,0.8,101,0,1,101.1,0.1,0.5,107.8,0,1.1,118.7,-4.2,4.8,120.1,-7.4,7.5,109,-1.6,1.1,159.3,4.1,6.4,110.7,0,0,120,1.5,6.4,122.8,3.7,12.5,110.3,0.9,8.5,98.9,-1.6,-3.7,115.2,-0.6,3.8,129.9,1.1,3.5,102.2,0,0.4,114.9,0.8,4.5,109.8,0.4,0.1,101.4,0,0,110.2,0.4,0.1,115.7,-1.5,4.6,108.5,-0.8,1.2,132.1,-2.9,11.5,119.1,8.1,9.8,126.1,0,17.1,125.4,0,8.5,100.4,0.4,0.5,104.3,0,0,99.7,1.6,0.8,98.8,0,0.7,101.4,0.6,2.4,102.7,-0.2,0,114.2,0.8,3.4,71.7,0,0.1,101.6,0,0.5,99.6,0,0.3,107.9,0,1,104,0,0.7,113.4,0.2,2.1,106.8,1.1,1,111.2,-0.3,0.9,121,-0.1,10.1,113.8,0.4,1.2,103.7,-0.3,0.6,101.8,0,2,100.2,-0.9,-0.5,121.3,0,0.4,114.7,0,0.3,102.1,-0.1,0.8,126.5,-2.7,5.2,102.2,-0.1,0.4,112.5,0.2,1.9,72.1,0,1.3
m03  ,202502.0,1.0,1.0,,33.0,,2025000202,2025年2月,18201,福井市,,109.3,-0.8,3.2,107.8,-0.5,2.2,112.2,-0.9,4.7,110.5,-0.6,3.6,106.3,-0.1,1.8,101.5,-0.1,0.2,124.1,-0.9,8.8,144.4,-5.4,24.5,120.5,0.1,5.9,140.7,1.1,25,137.7,3.9,8,146.8,5.5,12.3,115.4,-0.3,1,123.5,-0.4,0.8,134.7,-9.3,22.4,141.5,-13.1,33.7,143.2,-0.2,22.5,147.5,-0.2,23.8,118.2,1.5,2.3,124.6,-0.4,6.5,121.2,0,5.3,121.7,0.1,11.1,105.6,-0.1,-1.7,111.6,0,2.3,99.2,0,-2.6,110.6,0.1,2.8,96.7,0,-3.7,99.4,0,-1.6,121.5,0.2,6.5,115.5,-4.7,5.2,120.1,-7.4,7.5,109.7,-1.6,2.3,160,-0.8,9.3,100,0,0,117.2,-2.7,2.4,115.1,-4.5,5.8,121.2,-2.9,-3.9,94.7,1.6,2.7,127.5,-4.1,-0.4,121.6,0,0.5,106.7,0,4.2,100,-0.7,2.4,98.4,-1,2.9,111.9,0,3.7,98.1,-1,2.9,89.6,-1.3,-1.7,86.5,-2,-2.1,95.5,0,-1,108.8,-0.2,1.8,118.1,1.3,8.2,119.4,0,10.1,104.3,-0.2,1.4,107,-0.8,2.3,113.8,0,1.9,98.7,0,0.7,97.2,0,1.9,103.5,-0.2,1.4,110.7,0,2.6,72.1,0,0.1,103,0,-0.2,102.7,0,-0.3,108.6,0,1.8,103.2,0,0,111.2,0.5,3.4,107.6,1.3,1.8,109.9,0.1,3.2,119.6,-0.1,15,110.3,0.7,1.3,104.8,0,0.7,109.8,0,2.6,97.9,0,-1.5,112.9,0,1.5,114.7,0,0.3,103.5,0,0.9,123.3,-4.4,5.8,103.6,0,0.1,110.6,0.5,3.4,74.9,0,1.1
m03  ,202502.0,1.0,1.0,,34.0,,2025000202,2025年2月,19201,甲府市,,110.4,-0.5,3.7,109.5,0,3.4,113.1,-0.5,4.2,112.2,-0.1,3.9,108.2,0.2,3.1,103.8,0.1,1.9,123.1,-1.1,6.7,133.3,-8.4,10.3,121.3,0.5,6,146.3,2.2,23.2,125.9,-2.7,0.1,127.3,-4.9,-2.5,117.5,0.5,7,121,0,-1.9,129.7,-7.2,13.4,132.9,-10.1,16.1,138.5,-7.9,14.8,140.2,-8.4,14.1,122.2,1,3.6,127,0.7,8.2,123.4,0.3,4.7,119.3,0.1,6.2,109.3,-0.1,-0.3,110.9,0,2,104.7,0.2,2.2,132.3,0.3,6,92.3,0.2,-0.1,99.7,0.4,1.1,155.3,0.2,8.3,116.9,-3.4,7,116.4,-7,9,120.8,-1.8,3.4,159,7.2,10.1,105.8,0,5.8,115.8,0.1,3.3,114.1,-1.4,5.9,115.2,-1.8,-2.7,118.4,2.5,2.6,133.4,1.6,6.7,107.2,0.4,0,102.5,0,0,111.5,-0.3,3.9,108.6,1.1,3.3,104.7,0,3.2,108.8,1.2,3.3,116.6,-2.5,4.9,115.7,-3.6,7.3,118.4,-0.2,0.4,110.6,0,1.4,106.5,0,6.2,118.8,0,4.6,103.7,-0.1,1.6,107,-0.2,2.7,111.1,0,1.4,99.2,0,1.1,98.2,0.3,1.8,103.5,-0.2,0.7,108.2,0.4,2.3,72.3,0,0.1,99.2,0,-0.1,97.6,0,-0.7,107.2,0,0.3,103.1,0,1.7,111.1,0.3,1.9,107.3,1.6,1.2,107.3,-0.3,1.2,115.4,-0.1,2.6,112.2,0.5,2.1,104.1,0.1,1.3,106.8,0,3.6,101.3,0.1,0.9,109,0.8,3,114.7,0,0.3,102,0,0.5,123.8,-2.5,6.5,102,0,0.8,110.3,0.3,1.8,76,0,2.2
m03  ,202502.0,1.0,1.0,,35.0,,2025000202,2025年2月,20201,長野市,,112.4,-0.7,3.6,111.4,-0.3,3,114.1,-0.8,4,113.1,-0.3,3.4,110.1,0.1,2.7,105.5,0,1.6,125.8,-1.2,7,135.4,-8.3,15.4,124.1,0.3,5.5,145.1,0.5,18.6,130.6,1.4,2.1,132.5,1,1.2,127.6,1.1,7,119.7,-2,-3.5,127.6,-11.6,16.7,132.6,-16.1,22.8,138.6,-1.5,17.9,143.5,-1.6,19.3,119.7,-0.3,-4.1,129.2,-0.2,7.3,130.2,1.6,6.5,120.3,-0.9,6.3,108.8,0.3,0.8,114.9,0,3.9,105.2,0.1,1.4,113,0.3,3.2,100.9,0,0.4,101,0,0.7,119.6,0.5,4.4,115.8,-3.7,5.7,117.9,-7.3,10,115.8,-2.9,3.8,152.4,0,6.9,100,0,0,115,-1.4,2.8,106.9,-2.4,-0.6,96.1,1.5,4.6,113.5,-2.8,0.9,131.2,-0.9,6.6,122.4,-0.8,5.1,104.3,0,1.9,109.2,-0.2,1.3,112.2,0.7,3.1,133.2,6.3,23.4,111.6,0.5,2.5,108.4,-0.6,1.1,112,-1.1,3.2,101,0.6,-3.4,111.1,-2.2,0.6,95.2,0,-4.7,111.5,0,0.3,104.1,0.2,1.5,106.2,-0.5,1.3,114.2,1.7,3,99.5,0,0.9,101.5,-0.2,1.9,101.4,-0.2,-0.3,114.7,-0.3,2.7,73,0,0.2,101.3,0,0.5,98.9,0,0,107.3,0,0.4,107.6,0,1.5,116.6,0.5,2.5,105.6,1.7,0.8,117.5,0.6,1.4,115.5,-0.2,2.7,118.3,0.4,3.2,105.7,-0.1,1.9,105.7,0,2.1,102.9,-0.6,2.1,114.7,0.5,4.9,114.7,0,0.3,103.4,0,0.9,126,-3.7,6.4,103.2,0.1,0.6,115,0.4,2.4,74.5,0,1.2
m03  ,202502.0,1.0,1.0,,36.0,,2025000202,2025年2月,21201,岐阜市,,111.2,-0.5,4.2,110.2,-0.1,3.5,113.4,-0.5,5,112.4,-0.1,4.2,109.2,0.2,3.3,105.6,0,2.2,123.5,-0.9,8.6,138.5,-8.7,23.2,121.1,0.7,6.3,145.4,5.1,25.6,133.6,1.8,4.1,124.6,0.7,5.2,106.9,-1.5,4.7,124.6,0.3,-0.4,135.5,-10.2,26.6,143.2,-14.8,37.8,141.7,-4.3,17.6,144.7,-4.6,19.1,116.2,-0.9,-1,127,0.1,7.9,121.3,1.3,5.3,124.3,-0.8,9,106.2,-0.8,-0.4,114.5,0,3.8,104.6,0.1,0.2,118.6,0.2,1,100.4,0,0,101.4,0,-0.2,128.3,0.3,1.5,115.9,-4.2,7,117.9,-7.3,10,114.9,-2.8,1.9,151.7,2.9,10.3,106.4,0,5.1,133.1,-1.3,8.3,138.7,-2.3,14.8,125.9,0,5,120.1,0,4.7,145,-1.7,6.4,132.8,-0.5,4.6,101.3,0,0.8,113.7,-0.6,8.6,115.1,-0.2,11.3,97.5,0,0,115.4,-0.2,11.4,111.6,-2,8.9,110.9,-2.3,12.6,113.4,-1.2,1,116.6,2.3,2.9,110.1,-1.4,6.4,112.6,0,3.2,104.2,-0.1,1.3,109.5,-0.3,2.6,113.9,-0.2,1.3,99,0,0.8,99.6,0.6,2.9,104.3,-0.1,2.9,110.5,0.8,3.7,71.6,0,0,103.8,0,1.3,98.6,0,-1,108.3,0,1.5,111.4,0,4.4,111,0.7,1.9,109.6,2.1,1.4,108.1,1.2,3.2,111.4,-0.2,1.8,112.4,0.5,1.5,106.2,0.3,1.4,104.1,0,0.3,103.3,-0.1,0.6,127.2,2.6,7.8,114.7,0,0.3,102.9,0,0.9,122.6,-3,6.3,107.2,0.2,2.5,110.3,0.6,2.1,71.9,0,1.3
m03  ,202502.0,1.0,1.0,,37.0,,2025000202,2025年2月,22100,静岡市,,110,-0.7,3.9,109.1,-0.3,3.4,111.9,-0.7,4.5,111,-0.3,3.9,108.1,0.1,3,103.6,-0.1,1.5,121.7,-0.9,7.9,128.4,-7.6,15.2,120.5,0.5,6.6,145.1,2.7,25.5,129.8,-0.8,2.8,126.9,-1.6,2.7,116.4,-0.6,5.6,118.3,0,0.2,125.2,-8.2,17.8,129.6,-11,25.6,125.7,-6.3,11,127.7,-6.7,11.2,114.2,-0.3,0.9,127.4,0.7,6.4,119.2,0.9,6.2,120.6,-0.1,7.3,106,-0.1,0.5,111.5,0.4,3.9,100.5,-0.1,0.3,105.8,0.1,1.1,98.7,-0.2,0,99.6,-0.1,-0.2,114.9,0.3,2.9,114.7,-4.5,6.6,117.9,-7.3,10,114.4,-3.1,5.6,149,2.5,8.4,105.1,0,0,118.9,-1.6,3.1,107.4,-0.5,6.5,128.3,-0.2,6.3,120.3,-12.3,-2.5,132,-1.9,-0.4,124.2,-0.5,3,103.3,0,0.3,105.8,0.1,1.4,106.3,0,5.1,105.5,0,0,106.3,0,5.3,99.4,0.7,-6.5,97.3,0.6,-7.6,103.3,0.9,-4.6,107.6,-0.1,2.6,104.8,-1,1.5,135.7,0.2,15.3,104.6,-0.2,1.9,111,-0.7,3,113.8,0.1,4.4,99.2,0,0.7,99,0.1,2.3,105.1,-0.2,1,111.8,0.1,3.3,72.3,0,0.1,105.7,0,2.4,103.3,0,2.6,108.3,0,1.4,109.3,0,2.1,112.9,0.5,2.4,109.3,1,1.8,120,1,4.2,107.4,-0.1,1.8,112.1,0.4,2,106.1,0.2,2,104.1,0,1.3,100.8,0,1.2,127.2,1.5,8.2,114.7,0,0.3,103.1,0,1,121.5,-4.2,8,106.1,0,2.1,111.7,0.5,2.3,72.3,0,1.3
m03  ,202502.0,1.0,1.0,,38.0,,2025000202,2025年2月,23100,名古屋市,,111.3,-0.5,4.1,110,-0.1,3.3,112.9,-0.5,4.5,111.5,-0.1,3.7,109.2,0.2,3.1,105.5,0,2,123.4,-0.5,7.9,141.6,-6.1,19.6,120.2,0.7,5.8,136.4,2.5,24.1,131.2,1.4,2.6,133.6,1.2,2.1,113,-0.8,0.4,125.4,2.3,1,134.7,-8,25.2,142.2,-11.1,34.8,145.4,-2.7,15,149.7,-3,16.1,114.1,-0.1,-1.1,128.5,0.8,6.3,120.2,1.6,4.1,128.4,-0.8,11,107.5,-0.2,0,113.2,0.2,4.2,103.1,0,0.8,107,0,0.8,101.1,0,0.7,100.4,0,0.2,112.8,0.1,1.3,114.5,-4.9,5.7,117.9,-7.3,10,115.7,-4.3,3,141.4,2.2,3.8,103.8,0,0,125.4,-1,8.1,135.5,-2.3,15.2,121,0.7,3.7,93.1,-0.5,-3.4,126.1,0.4,5.5,121,0.2,2.5,103.2,0,0.9,115.7,0.6,6.1,121.9,2.9,11.2,120.6,0.5,13,121.9,2.9,11.2,107.2,-2.4,1.8,106.2,-2.9,1,109.4,-1.5,3.4,120.4,0,2.2,99.2,0,0.3,124.5,0,6.2,104.2,0.1,1.7,109.4,0.3,1.5,113.4,0.1,3.3,99.4,0,1.2,98.7,0.1,2,104.5,-0.1,2,109.7,0.2,2.5,71.5,0,0.1,106.4,0.2,1.5,99.1,0,0.4,107.9,0,1,120.1,0.6,3.3,113.4,0.2,2.2,106.8,0.4,1.4,116,-0.2,3.3,110.2,-0.1,1.7,113.8,0.5,2,106.2,0.3,1.1,107.3,0,1.2,99.7,0,-0.2,125.3,1.9,4.2,114.7,0,0.3,102.8,0,1,120.9,-4.4,6.7,107.2,0.3,1.5,112.5,0.2,2.2,73.3,0,1.2
m03  ,202502.0,1.0,1.0,,39.0,,2025000202,2025年2月,24201,津市,,109.9,-0.2,3.6,109.1,0.1,2.8,111.9,-0.2,4.3,111.1,0.1,3.4,108,0.4,2.5,103.9,0.1,1.3,122.8,-0.1,8.2,131.4,-6,23.2,121.3,1.1,5.8,143.1,3.8,22.3,125.1,1.9,4.8,123.9,3.4,5.8,121.8,1.8,4.8,121.3,1.8,5,131.6,-7.3,29.3,136,-11.5,41.9,131.5,-5.2,15.4,133.1,-5.7,17.7,116.3,-0.2,0.4,127.4,-0.2,6.1,122,1.4,5,117.8,0.8,6.8,108.1,0.4,-1.2,112,0.2,2,101.1,0,0.1,108.3,0.2,1.9,98.5,0,-0.5,98,0,0.2,111.5,0.2,2.3,118.3,-4.2,5.2,117.9,-7.3,10,109.1,-2.6,-0.4,145.3,0.3,10.7,122.4,0,0,112.8,1.5,3.4,102.4,3.2,1.6,109.7,0.8,-0.1,94.6,0.5,-5.6,130,0,7.2,122,1.2,2.8,116.2,0,14.9,112.7,-0.4,2.5,112,-1.8,1.6,114.2,0,18.2,112,-1.8,1.5,115.4,1.5,2.9,117.8,2.3,3.6,110.6,-0.1,1.7,117.2,1.6,8.1,103,-3.1,-1.7,106.9,0,0,104.4,0,1.3,110.2,-0.2,1.5,113.3,0.2,3,98.8,0,0.7,100.2,0.3,2.7,105.9,-0.2,0.3,109.2,0.4,3.6,71.9,0,0.3,103.2,0.7,1,103,0,-0.1,108.2,0,1.4,103.2,2.8,4.2,114,0.1,2,108.6,1.3,2.2,114.9,0.1,4.4,110.4,-0.1,1.9,114.9,0,1.1,104.9,-0.5,1.4,98.9,0,2,105.7,-0.7,2.1,118.1,-2.5,1.4,114.7,0,0.3,102.5,0,0.7,122.8,-2.8,6.9,104.9,0.1,0.8,113,0,1.7,74.2,0,1.2
m03  ,202502.0,1.0,1.0,,40.0,,2025000202,2025年2月,25201,大津市,,109.4,-0.4,3.4,108.3,-0.2,2.8,110.5,-0.4,3.7,109.3,-0.2,3.1,107.8,0.1,2.4,103.7,0.2,1.4,122.2,-0.7,6.4,134.9,-4.2,15.7,119.9,0,4.7,136.1,1.5,16.8,124.4,3.5,-2.4,122.2,6.1,-4.8,111.7,-1.4,5.8,124.4,-0.6,-2.6,127.5,-6.7,19.6,134.6,-9.7,28,147.6,-1.8,19.6,151.6,-2.7,19.9,115.3,-0.9,0.2,132.1,1.2,11,115.9,-1.1,0.5,117.6,0.7,5.3,107.6,-0.6,-2.6,117.7,0,3.7,103.4,0,1.2,107.4,0.1,1.7,101.8,0,1,102.2,0,0.5,109.7,0.1,2.2,106.4,-4.7,6.5,104.1,-8,11.8,117.5,-4.7,4.5,137.7,4.3,8.2,100,0,0,113.1,0.7,3.4,108.5,-2.6,9.3,108.4,2.9,-1.7,95.5,-1.3,-3.4,120.1,5.5,1.2,121.4,1.4,1.3,103.9,0,1.2,110.2,0.9,1.1,119.3,2.6,5.8,96,0,0,119.5,2.6,5.8,101.5,-0.3,-3.9,98,-1.1,-7.2,109.7,1.4,3.6,109,-1.2,-0.4,96.1,0,-5.3,112,0.5,3.6,102.5,0,2.3,106.6,-0.6,2,106.8,0.8,7.8,99.4,0,0.7,99.1,0.4,2.7,101.4,-0.1,0.1,109.4,0.6,3.9,72,0,0.1,101.1,0,0,102,0,0.1,108.4,0,1.6,98,0,-0.6,111.5,0.7,0.8,106.4,1.9,1.1,104.2,2.3,-3.1,115,-0.1,3.7,114.6,0.1,1.5,105.7,-0.3,2.1,104.6,0,0.2,104.8,-1.4,3.4,114.6,1,6.7,114.7,0,0.3,103.3,0,0.9,115.8,-4,9,103,0.1,1,110.7,0.7,0.7,73.5,0,1.2
m03  ,202502.0,1.0,1.0,,41.0,,2025000202,2025年2月,26100,京都市,,111.2,-0.4,3.9,110,-0.1,3.1,113.2,-0.4,4.6,111.9,-0.1,3.7,109.8,0.3,2.8,105.1,0.1,1.3,124.7,-0.4,8.3,135.4,-5.2,19.2,122.6,0.6,6.2,145.5,4.3,24.7,132.7,0.8,3.6,128.6,0.5,4.7,112.9,0.4,3,118.1,0.4,-1.7,127.6,-7,21.6,132.8,-10,29.2,145.5,-1,17.2,149.5,-1,19.1,114.2,-1.6,1.1,133.7,0.6,7.6,116.8,-0.6,3.3,123.2,-1.1,7.2,110.5,1.1,-0.8,121.2,0.4,6.5,103.9,0,0.6,116.9,0,2.1,100.8,0,0.2,100.2,-0.1,-0.2,130.6,0,3.6,107.1,-4.7,6.1,104.1,-8,11.8,116.7,-3.9,3.2,135.2,1.3,6.9,100,0,0,128,0.9,5.5,137.2,2.3,9.5,129.3,0,-4.4,111.5,0,-3.3,123.4,-0.4,6.4,126.2,0.1,3.2,105.8,0,3.9,108.8,1.3,2.1,108.4,3.4,0.2,106.8,0,1.9,108.4,3.4,0.2,112.3,-1.6,3.4,106.9,-2.8,2.4,123.2,0.5,5.1,107,0.3,1.6,98.7,1.9,11,113.2,0.3,1.8,104.7,0,2.6,106.6,0,1.5,116,-0.2,8.1,99.2,0,0.9,97.4,0.1,1.8,106.3,-0.2,0.2,110.2,0.3,2.8,73.4,0,0.4,102,0,0.5,99.6,0,0.3,108.2,0,1.4,109.1,0.2,1.1,112.6,0.3,1.6,109,1.2,1.3,112.8,-0.3,-0.5,116.7,-0.1,3.5,112.2,0.5,1.9,104,-0.4,0.1,102.9,0.2,0.5,101.8,-1.6,0.5,110.9,0,-3.2,114.7,0,0.3,102.9,0,0.6,113,-4.8,7.4,103.4,0.2,0.4,111.5,0.2,1.6,74.2,0,1.1
m03  ,202502.0,1.0,1.0,,42.0,,2025000202,2025年2月,27100,大阪市,,110.5,-0.4,3.6,109.4,-0.2,2.9,112.1,-0.5,4.2,110.9,-0.2,3.4,109.2,0.3,2.5,105,0.1,1.6,122.9,-0.3,6.8,134.9,-4.8,17.8,120.8,0.7,4.9,142.5,4.2,21.1,127.5,1.5,4.1,125.3,2.9,4.6,116.8,-0.1,1.8,115.7,-1.3,-1.5,128.8,-7.3,18.7,134.5,-10.1,25.9,142.8,-1.2,17.3,148.7,-1.3,19,115.7,0.1,-1.8,130.9,1.2,7.5,119.8,0.9,3.4,117.6,-0.1,3.6,113.1,0.2,2.4,114.1,0,3.6,104.8,0.1,0.8,111.7,0.4,2.4,101.6,0,0.1,101.1,0,0.1,128.2,0.9,5.4,109.7,-5.4,6.7,104.1,-8,11.8,117.6,-4.7,3.8,133.1,1,7.1,111.4,0,0,123.6,-0.5,5.1,126.6,-1,7.8,132.4,0.2,3,114.6,1.1,1.4,118.6,0.2,5.5,128.2,-0.9,3.4,103.6,0,1.4,107.8,0.1,2.4,110.3,2,5.8,103.2,4.1,5.9,110.4,2,5.8,106.6,-1.2,-0.8,102,-0.9,-0.4,116,-1.7,-1.4,101.2,-2.7,-2.7,107.7,-1.5,2.3,111.6,0.5,2.5,104.4,-0.1,1.3,108.2,0,2,114.7,-0.3,1.8,99,0,0.7,92.2,0.1,1.6,105,-0.2,-0.5,108.4,0.3,3.7,71.7,0,0.1,104,0.3,1.5,100,0,0.5,108,0,1.1,113.8,1,3.8,113.2,0.7,2.7,110.8,0.7,1.3,109.5,0.5,4.4,114.1,-0.1,3.7,114.7,0.9,2,105.2,-0.4,1,104.2,0,1.5,101.5,-1.4,0.2,122.7,-0.7,2.5,114.7,0,0.3,102.7,0,0.9,111.9,-5.6,8.1,101.1,0.3,1.4,112.1,0.5,2.3,73.2,0,1.2
m03  ,202502.0,1.0,1.0,,43.0,,2025000202,2025年2月,28100,神戸市,,110.1,-0.4,3.8,109,-0.2,3,112,-0.5,4.4,110.7,-0.2,3.4,108.6,0.1,2.7,104.1,0.1,1.6,123.8,-0.5,7.8,136.1,-4,20.6,121.6,0.3,5.5,138.4,1.2,20.8,131.5,-0.2,6,131.2,0,8.3,116.7,-0.7,4.4,120.2,0,-1.1,127.7,-6.7,22.8,132.9,-8.7,30.5,144.1,0.9,17,147.7,1,18.4,119.4,-0.3,2.9,128.2,0.7,9.5,123,1.7,4.1,119.6,-1,4.3,109.5,-0.3,2,116.2,0.1,2.4,103.1,0,1.2,113.6,-0.1,2.7,99.1,0,0.6,99.2,0,0.5,124.7,-0.2,4.1,109.5,-5.1,8.5,104.1,-8,11.8,117.2,-4.8,3.4,131.1,1.9,7.6,109.9,0,9,116.5,0.2,3.5,115.4,0.4,7,111.4,0,-1.6,104,-3.8,-4.6,120.5,1.4,3.4,120.5,-0.1,1.7,104.3,0,2.4,109.4,-0.4,1.1,110.5,0.5,-1,102.3,0,5,110.6,0.5,-1.1,109.5,-0.6,6.8,109.4,-1.3,9,109.6,0.8,2.7,104.9,-1.4,-3.1,103.6,-2.6,1.3,119,-0.3,1.6,102.9,0.2,1.3,112.5,1.4,2.2,105,-0.5,1.2,98.6,0,0.9,96.5,0.1,1.8,104.2,-0.1,0.2,109.1,0.2,3.1,72.7,0,0.4,98.5,0,-0.1,94.1,0,-0.5,108.1,0,1.3,109.4,0,0.7,112.6,0.5,2.4,109.8,0.6,2.3,112.3,0.9,4.9,116.6,-0.1,3.6,112.2,0.5,1.3,105.7,-0.2,0.8,104,0,0.6,102.4,-1.5,1.1,118.6,0.9,-0.1,114.7,0,0.3,103.8,0,1,114,-5,8,99.9,0.2,0.1,111.4,0.4,2.2,74,0,1.2
m03  ,202502.0,1.0,1.0,,44.0,,2025000202,2025年2月,29201,奈良市,,111.8,-0.5,4,110.7,-0.3,3.2,113.7,-0.6,4.6,112.4,-0.4,3.7,110.3,0,2.9,105.1,-0.1,1.4,129.7,-0.6,9.3,141.5,-4.3,23,127.6,0.1,7,146,2.7,21.4,127.8,1.4,4.3,127.1,1.9,9.2,146.4,-1.7,6.7,118.9,0.4,-1,137.1,-6.7,21.3,142.5,-9.9,29.9,152.6,1.2,25.5,158.3,1.3,27.2,123.6,-0.9,2,129.6,0.1,6.1,123.4,0.4,6,126,0.8,9.4,108.9,-1.6,-0.5,118.5,0,8.3,106.7,0.1,1.5,118.1,0.3,4,101,0,0.1,101.9,0,0.2,129.5,0.4,6.2,108.4,-4.5,6.2,104.1,-8,11.8,116.3,-4,3.1,146.8,4.9,11.8,105.3,0,0,121.7,-2,3.7,121.3,-4.2,6.3,141,-0.7,0.3,98.9,-4.1,-15.9,119.6,0,4.5,128.4,-0.1,4.5,105.3,0,2.5,101.2,0.7,-2.9,98.3,1.4,-6.6,101.5,0,0,98.2,1.4,-6.7,98,0.6,-1.8,87.9,0.1,-4.4,120.6,1.5,2.7,102.5,0,-0.7,116.9,-0.1,5.7,112.4,0,0,103.9,-0.2,1.2,108.6,-0.3,2,110.8,-0.6,1.3,98.8,0,0.7,99.2,0,1.8,108.8,-0.1,0.4,109.4,0,2.7,72.4,0,0.3,99.5,0,0.9,98.5,0,0.6,108.3,0,1.5,102,0,1.8,112.4,0.1,2.9,108.4,1,2.3,117.4,-1.3,4.7,116.3,-0.1,3.6,110.5,0.6,2.1,105.5,-0.1,0.9,107.9,0.8,3.5,101.7,-0.9,0.6,124.3,0,-1,114.7,0,0.3,99.4,0,0.7,115.2,-4.7,7.1,101,0.1,3.6,111.7,0,2.5,73.8,0,1.2
m03  ,202502.0,1.0,1.0,,45.0,,2025000202,2025年2月,30201,和歌山市,,108.7,-0.1,3.5,107.3,-0.1,2.8,110.9,-0.2,4.2,109.3,-0.2,3.4,106.8,0.2,2.4,102.5,0.1,1.2,123.3,0.4,7.4,141.4,-0.3,18.6,120,0.6,5.3,144.5,3.3,15.9,122.7,-1.5,3.5,124.2,-2.2,3,124.3,-1.6,7.6,118,0.2,-1.6,131.7,-2.2,17.1,139.7,-2.8,23.2,162.1,5.8,27.7,166.5,6,29.8,111.8,3.5,-0.4,128.1,0.1,5.4,114.2,0.6,3,125.8,1.5,11.3,110.7,0.9,-1.5,107.6,0,2.2,100.8,0.1,0.3,109.4,0.2,1.8,97.8,0,-0.2,97.2,-0.1,0.1,116.7,0.4,2.7,105.9,-5,6.6,104.1,-8,11.8,113.9,-3.2,0.9,140.6,4.3,8.1,100,0,0,117.9,-0.5,4.8,117.3,-1,7.2,131.8,0,6,106.8,0.5,-3.1,130.9,-0.1,6,116.8,-0.7,4.1,103.1,0,0.7,108.8,0.8,2.5,110.9,0.3,3.4,95.5,0,0,111,0.3,3.4,108.9,1.9,0.6,106.6,2.4,1.1,114,0.9,-0.5,102.3,-0.5,1.4,104.6,1.5,6.6,114.1,0,4.4,100.4,0,1.1,108.1,-0.2,1.7,97,0.2,1.5,98.4,0,0.7,96.5,0.4,2.6,105.2,-0.1,0,110.1,0.6,4.1,71.9,0,0.1,102.4,0.8,-0.5,99.3,0,0.4,108.1,0,1.2,108.9,2.5,-2.3,111.3,0.2,1.4,105.9,1.3,0.2,111.6,-0.1,0.7,116.4,-0.1,3.6,110.7,0.3,1.4,105.2,0.1,1.6,106,0,4,100.5,0.3,0.9,116.4,-0.1,1.3,114.7,0,0.3,103.5,0,1.2,113.2,-4.2,7.9,99.7,0.5,-0.2,111.1,0.1,1.4,73.4,0,1.2
m03  ,202502.0,1.0,1.0,,46.0,,2025000202,2025年2月,31201,鳥取市,,111,0,3.6,109.6,0.2,2.8,112.4,0,4.2,110.9,0.2,3.4,108.4,0.5,2.4,104.3,0.2,1.3,124.7,0.5,7.4,144.5,-3.5,19,121.2,1.4,5.2,136.9,8.4,22.9,128.9,-3.3,0.8,136.2,-5.4,1.3,120.8,-0.6,0,120,2.3,2.8,135.7,-4.2,20.9,142,-6.1,28,154.3,2.6,25.5,158.1,3,26.7,110,-1.5,-1.7,126.7,1.9,8.3,121.4,0.7,4,124.3,-0.2,6.7,109.5,-0.7,-2.2,116,1.2,4,104.3,0.1,-0.5,110.3,0.2,0.8,101.6,0,-1,101.2,0,-0.2,117.5,0.2,1.4,110.6,-4.8,4.4,110.3,-7.5,6.6,111.3,-5.7,0.2,164,4,12.1,100,0,0,118.3,1.4,5.9,121.7,1.2,8.6,94.9,0,-3.4,116.7,11.8,4.9,129.5,0,9.4,116.4,0.6,3,102.5,0,1,105.8,-1.3,0.7,102.4,-1.6,-0.4,100,0,0,102.7,-1.8,-0.5,103.6,-2.5,2.5,101.7,-3.4,2,107.6,-0.5,3.5,113.5,0,-1.5,107.1,0,2.5,122.3,0.8,3.3,101.3,-0.3,1.3,109.6,0.3,3,97.3,-1.7,0.5,99.2,0,0.7,101.7,0.6,3.2,102.4,-0.3,-0.6,112.2,0.7,4.1,71.8,0,0.1,98.9,0,0.3,94.7,0,-2.5,108.9,0,2.1,105.7,0,5.7,114.9,1.3,3.4,111.6,0.8,1.1,114.6,0.8,2.2,126.4,-0.2,12.7,113.4,1.8,2.7,106.2,0,1.1,104.5,0.5,0.7,106.1,-0.4,2.6,115.4,0,-1,114.7,0,0.3,103.4,0,0.9,123.2,-2.8,7.1,103.7,0.6,0.9,113.7,1.1,3.2,74,0,1.2
m03  ,202502.0,1.0,1.0,,47.0,,2025000202,2025年2月,32201,松江市,,110.3,-0.3,3.6,109.3,0,2.8,112.5,-0.3,4.3,111.4,0,3.4,108.1,0.4,2.5,103,0.1,1.1,126.1,0,8.8,134.9,-4.3,22.9,124.5,0.9,6.3,137.3,1,18.6,129.4,2.1,7.3,131.2,1.7,9.3,130.1,2.5,12.1,129.2,0,1.4,130.3,-5.1,21.6,134.5,-7.6,30.1,135.3,-3.7,23.2,139.1,-3.9,25.4,125.2,2.7,5,128.9,1.1,6.2,123.3,0.9,4,119.8,0.2,3.8,109.9,-0.4,-0.3,118.9,0,4,100.3,0,-1,109.5,0.1,0.2,96.6,0,-1.4,99.8,0,-0.7,124.4,0.3,1.3,110.5,-4.1,4.1,110.3,-7.5,6.6,116.6,-1.1,3,164.3,-0.3,5.5,100,0,0,121.1,0.7,5.5,124.2,1.6,4.6,125.6,0,2.6,117.3,3.6,16.5,120.4,-0.5,3.2,120.1,-0.2,7.9,103.9,0,1.5,111.1,-0.1,3,105.7,1.3,0.6,97.6,0,-10.6,105.8,1.3,0.7,114.5,-0.9,5.6,116.1,-1.3,7,110.9,0,2.4,112.4,-1,3.7,110.8,0,4,128.5,-2.6,4.5,103.7,0,0.8,109.4,-0.3,1.7,107.6,0.3,-0.2,99.2,0,0.6,99.7,-0.3,2.1,102.7,0.1,1.7,111.6,-0.4,2.8,72.5,0,0.1,101.6,0,0.8,99.6,0,0,108.5,0,1.7,107.5,0,3.2,112.2,1.1,2.3,112.8,1.9,3.5,112.5,2.4,2.6,116.2,-0.1,2.4,110.9,0.9,2,105,0.1,1.1,104,0,1.3,103.7,0.5,0.8,112.4,0,4.1,114.7,0,0.3,103.8,0,0.7,122,-3.8,5.5,105.1,0.2,1.8,111,1.1,2.1,73,0,1.2
m03  ,202502.0,1.0,1.0,,48.0,,2025000202,2025年2月,33100,岡山市,,109.9,-0.5,3.8,108.6,-0.3,3,111.2,-0.5,4.3,109.8,-0.3,3.4,107.8,0,2.8,103,0,1.3,125.6,-0.7,9,144.1,-4.4,22.7,122.5,0.1,6.7,136.9,0.7,17.6,133.5,-0.4,3.7,138.9,-0.3,6.7,125.4,-2.3,7.8,125.3,0.9,1.5,131.7,-6.7,21.7,139.4,-10.3,32.2,153.7,1.8,26.8,159.3,2.1,28.6,118.1,1.2,0.1,129.2,-0.7,9.3,120.5,1.4,6.5,117.5,-0.2,8.7,110.5,-0.7,0.2,118.1,0,5.6,102,0,0,104.8,0.1,-0.2,101,-0.1,0.1,102.3,0,0.2,110.9,0.2,-1,110,-4.1,5.7,110.3,-7.5,6.6,105.9,-1.7,1.4,144.7,0,8.1,109.1,0,7.7,117.5,-0.6,4.7,119.7,-0.9,7.6,130.5,0,17.4,120.8,-1.8,1.1,119.4,0.3,4,114.7,-0.9,1.6,100.9,0,0.2,103.9,-0.1,2.1,98.4,-1.7,-2.5,112.5,0,4.5,98.3,-1.8,-2.5,108.6,2.9,9.3,109.3,3.5,15.5,107.3,1.8,-0.6,116.1,-0.2,4.4,96.2,-2.6,-2.5,108.5,0,3.7,104.6,0.1,1.2,109.8,0.2,2.3,113.7,0.4,1.1,98.9,0,0.8,98.1,0,2.4,102.2,-0.2,0.3,109.8,0,3.4,71.4,0,0,104.5,0.3,0.1,103.5,0,-0.9,108.2,0,1.4,106.2,0.8,1.8,111.5,0.3,2,104.8,1.5,1,111.8,0.4,3.1,115.5,-0.2,2.7,111.8,0.2,1.6,104.3,0.1,0.5,101.4,0,0.5,101.7,-0.2,1.4,111.6,1.4,-2,114.7,0,0.3,103.3,0,0.8,118.5,-3.7,5.8,103.3,0.5,0,111.5,0.3,2,70.9,0,1.4
m03  ,202502.0,1.0,1.0,,49.0,,2025000202,2025年2月,34100,広島市,,110.8,-0.5,3.9,109.5,-0.2,3,112.1,-0.6,4.3,110.6,-0.3,3.4,108.8,0.1,2.8,104.4,0,1.8,125.9,-0.7,8.1,142.3,-5.9,23.1,122.9,0.5,5.5,140.2,5.5,19.7,130.5,-0.8,6.7,134.4,-1.8,8.3,123.4,-0.8,3.7,126.9,-0.1,0.5,138.1,-5.5,25.2,144.6,-8.6,34.1,143.6,-4.6,20.7,147.3,-4.9,22.3,119.2,-1.2,-0.6,132.6,-0.3,10.5,123.6,-0.2,5.2,123.8,0.2,7.8,111.3,-0.5,-0.3,111.3,0,1.2,104.3,0.1,0.9,107.8,0.2,1.5,102.3,0,0.6,101.3,0,0.2,117.2,0.4,3.1,108.8,-5.5,4.1,110.3,-7.5,6.6,110.6,-6.6,2.7,139.1,0,3.1,100,0,0,118,-1.4,3.1,117.3,-2.8,2,112.1,-2.5,-3.4,123.2,0,7.8,119,0,5.9,120.9,-0.8,3.1,104.5,0,3.7,106.8,-1,2.8,108.4,0.2,5.5,97.6,0,-4.1,108.5,0.2,5.6,100.9,-3.7,-2.3,93.7,-5.6,-3.8,118.2,0,0.7,108.7,-0.2,1.8,106.7,0.4,5.1,126.1,0,9.4,102.1,0.2,2.4,107.7,0.7,3.8,102.7,0.1,5,99.1,0,0.7,99.2,0.7,3.4,105.5,3.5,3.4,111.7,0.3,4.6,72,0,0.1,103.8,0,1.1,99.8,0,0.8,108.2,0,1.4,114,0,1.7,112.4,0.3,1.6,106.1,1,0.7,109.7,0.9,2.1,115.4,-0.1,2.4,113.6,0.1,1.4,105.7,-0.1,1.6,108.4,0.2,2.5,100.7,0.1,1,120,-1.2,5.2,114.7,0,0.3,102.8,0,0.6,118.3,-4.7,5.4,105.8,0.1,1.8,111.6,0.4,1.7,73.5,0,1.2
m03  ,202502.0,1.0,1.0,,50.0,,2025000202,2025年2月,35203,山口市,,111.5,-0.6,3.7,110.5,-0.3,3.2,113,-0.7,4.2,112,-0.3,3.6,109.6,0.1,3,105.2,0.1,2.1,125.2,-1,7.1,137.6,-6.6,17.2,123.2,0.1,5.5,137.8,1.6,19.5,129.7,-2.3,5.2,134,-3.4,7.6,115.9,-0.7,4.8,126.1,1.6,-0.4,133.8,-6.1,18.5,135.9,-8.8,26.9,141.7,-6.1,14.4,145.3,-6.4,14.4,126.1,-0.2,3.5,129.1,-1,7.6,123.8,1,3.9,127.1,-0.3,9.9,111.4,-0.6,0.5,116.5,0.1,2.5,104.5,0.1,0.6,114.5,0.2,2.2,99.5,0,0,100.5,0,1.3,123.9,0.3,2.7,107.9,-5.9,2.7,110.3,-7.5,6.6,103.5,-9.8,-6.4,145.8,0,7.5,100,0,0,126.4,-0.3,4.4,125.9,-1.2,4.5,131.4,3,4.1,127.8,4,2.9,132.2,-1.6,6,124.9,0,2.8,115.3,0,7,108.9,-0.2,4.7,108.1,0.5,3.2,112,0,10.7,107.7,0.6,2.6,108.9,-1.4,6,106.4,-2.1,6.7,115.2,0,4.3,110.7,-0.5,6.6,102.5,1.4,5.2,124,0,2.8,105.7,-0.3,1.1,106.2,-0.9,0.2,122.5,-0.2,2.9,99.1,0,0.7,103.3,0.4,4,101,-0.2,-0.2,114,0.5,5.2,71.5,0,0.1,100.2,0,-0.6,100.7,0,0.8,108.7,0,1.9,98.3,0,-3.1,112.2,0.3,2.7,107.4,1.1,1.4,113.2,0.3,5.1,115.4,-0.2,2.8,112,0.3,1.8,104.9,0.3,1.5,102.7,0.6,0.9,102.3,0.2,1.7,120.9,2,5.4,114.7,0,0.3,103.1,0,1.1,120.5,-4.7,4.8,102.4,-0.5,0,111.4,0.5,2.2,73.5,0,1.2
m03  ,202502.0,1.0,1.0,,51.0,,2025000202,2025年2月,36201,徳島市,,110.3,-0.4,3.7,109.2,-0.2,2.9,111.7,-0.5,4.1,110.6,-0.2,3.2,108.2,0.2,2.5,104.1,0.2,1.7,122.4,-0.7,7,136.1,-5.7,23.3,120.2,0.3,4.4,136.4,2.4,18.8,129.3,2.1,7.7,133.8,3.7,10,115.3,-1.8,1.8,119.4,0.3,0.5,130.3,-7.4,25.7,137.2,-10.4,37.5,132.5,-5.5,14.9,136.4,-5.7,16,118.8,0,-0.7,128.8,0.2,5.9,119.5,0.9,1.7,128.1,0.7,7.4,111.4,0.1,-0.3,112.5,0,2.9,105.1,0.1,1.1,114.8,0.4,1.5,101.2,0,0.8,100.9,0.1,0.4,125.4,0.6,2.2,111.3,-5.6,4.9,112.8,-7.3,7.3,103.8,-7.2,1.3,166.7,3.8,13,105.9,0,0,114.5,0.1,3.6,108.8,0,2.9,121.1,0,1.7,98.4,-0.2,-0.8,123.1,0,6.3,124.3,0.6,4.9,102.5,0,0.9,107.7,0.5,3.2,103.1,1.1,1.8,95.6,0,0,103.3,1.1,1.8,108.5,0.1,4.1,110.4,0.3,4.1,104.4,-0.3,4.2,115.5,0,2.3,103.3,0,2.6,124.7,0,9.9,102.2,0.1,1.4,108.4,0.2,2.2,104.6,0.2,2,98.6,0,0.8,101.4,0.7,3.4,105.8,-0.2,2.2,114.5,1.1,4.6,72,0,0.1,101.5,0,-0.6,98.4,0,-1.3,108.4,0,1.6,105,0,0,109.6,0.4,3,105.4,1.9,1,106.5,0.1,2.7,117.9,-0.1,11.2,109.6,0.4,1.7,105.4,0,0.9,105.3,0,1,102.8,-0.1,0.6,120.5,0,2.7,114.7,0,0.3,102.7,0,0.8,121.2,-3.7,7.5,102.8,0,-0.5,109.7,0.4,3.2,74.7,0,1.1
m03  ,202502.0,1.0,1.0,,52.0,,2025000202,2025年2月,37201,高松市,,109.9,-0.3,3.6,108.9,-0.2,3.1,111.3,-0.4,4.1,110.2,-0.2,3.5,107.7,0,2.7,103.6,0.1,1.7,122.5,-0.6,6.9,138.1,-3.6,16.6,120.2,0,5.4,127.7,2,11.2,128.9,1.3,0.1,137.2,2.6,3.3,120.1,-1.3,5.9,122,1.2,5.4,125.4,-6.9,17,131.9,-8.6,28.4,147.7,-1.7,16.2,150.8,-1.8,16.4,121.1,0.3,-1.4,126.7,0.1,9.5,119.7,-1.1,0.8,124.2,1.4,8.5,109.8,-0.3,0.9,116.2,0.2,8.7,102,0.2,0.2,104.2,0.4,0.4,100.9,0.1,0,99.9,0.1,-0.8,107.5,0.6,1.2,112.6,-4.2,5,112.8,-7.3,7.3,115.6,0.2,1.9,159.2,2.6,9,100,0,0,119.4,-0.8,3.9,116.5,-1.7,6.5,109.1,0,4,106.1,1.2,-1.1,134.7,-0.7,8.3,124.4,-0.6,0.2,108,0,0.9,109.6,-0.8,4.8,110.9,-1,2.2,100,0,0,111.3,-1,2.2,108.7,-0.9,12.3,110.3,-1.3,16.5,104.8,0.2,3.3,106,-0.5,1.5,108,-0.8,-1.4,120.7,0.1,2.1,106.2,0.6,2.7,112.8,0.9,4,115.5,1.5,4.5,99.1,0,1.1,99.6,0.4,3.3,109.6,-0.2,-0.3,111.7,0.6,4.8,71.3,0,0,96.7,0,0.9,89.9,0,-0.5,107.7,0,0.9,105.3,0,2.7,112.6,0.7,1.9,107.1,1.5,2.2,112.1,0.4,2.6,114.9,-0.2,2.1,113.1,0.9,1.5,105.5,0,1.4,104.5,0,0.5,102.8,-0.2,1.8,119.3,0.2,4.3,114.7,0,0.3,103.1,0,1.1,123.6,-2.6,6.5,101.2,0,10.2,112.1,0.6,1.5,72.5,0,1.3
m03  ,202502.0,1.0,1.0,,53.0,,2025000202,2025年2月,38201,松山市,,110.3,-0.1,3.4,108.8,-0.1,2.6,112.4,-0.1,4,110.7,-0.1,3.1,107.9,0.2,2.3,104,0,1.2,123.9,0.5,7.8,147.1,-0.2,21.6,119.7,0.7,5.2,121.1,0.9,11.4,127.7,-2.5,1.8,128.2,-3.9,2.5,119.2,0.8,7.8,126.3,1.3,4.3,141.1,-2,23.5,151.8,-3,30.6,155.2,8.4,26.8,160.1,8.7,28,122.7,-1.2,2.2,129.2,1.5,7.5,119.8,1.2,3.5,121.9,0.5,6.7,108,1,-0.5,111.9,0.2,2.5,101.2,0.1,0,108,0.4,0.9,99,0,-0.3,98.7,0,-0.4,118.8,0.9,2.1,113.2,-4.3,5.6,112.8,-7.3,7.3,114.3,-0.8,6,151.4,3.5,8,108.2,0,0,121.6,-0.6,4.2,128.2,-2.6,6.9,115.8,0,-2.1,83.5,0,2.8,126.9,0,3.8,131.1,1,4.9,100.8,0,0.2,114.6,-0.2,2,111.1,0.8,1.4,111.3,0,11.3,111.1,0.8,1.3,117.6,-1.5,2.4,112.8,-2.9,0.6,126.3,0.8,5.4,123.7,-2,2.4,102.6,2.9,5.4,124.5,0,0,104.3,0.1,1.8,106,-0.2,0.1,114.9,0.5,5.3,99.2,0,1.1,99.2,0.5,1.9,112.3,-0.2,0.8,110.6,0.7,2.5,71.8,0,0.1,100.9,0,0.1,100.2,0,0.1,107.8,0,0.9,102.1,0,0,112.9,0.5,1.8,108.5,0.9,1.7,114.9,-0.7,0.1,116.1,-0.1,2,111.9,1.1,2.5,104.1,-0.3,0.6,103,0,0.8,100.9,-1.6,-1.4,115.5,0,3.2,114.7,0,0.3,103.2,0,1.1,119.5,-3.2,5.9,103.3,0.1,0,112.8,0.4,1.9,73.8,0.8,2.1
m03  ,202502.0,1.0,1.0,,54.0,,2025000202,2025年2月,39201,高知市,,110.6,-0.9,3.7,109.4,-0.4,3,112.1,-1,4.3,110.8,-0.5,3.6,108.5,-0.2,2.7,104.7,-0.1,1.6,122.7,-2,7.6,140.7,-10.4,19.9,119.8,-0.2,5.6,138.4,3.5,24.7,140.7,0.6,7.1,143.3,1.5,8.6,110,-1.3,2.7,120.6,1,6.9,124.7,-9.1,19,130.1,-12.7,26.2,153.4,-16.6,22.9,156.7,-17.2,24,117.7,-1,0.8,126.7,-2.1,5.7,119.9,-0.4,3.1,122.6,0.9,6,113.6,0.2,1.4,112.7,-1.2,3,106.2,0.1,0.2,116.6,0.1,1.9,100.6,0.1,-0.8,102.4,0.3,-0.1,130.3,0,3.5,111.1,-4.4,4.1,112.8,-7.3,7.3,112.9,-2.6,0.6,156.4,4.1,12.2,100,0,0,118.4,1.1,4.1,119,4,4.6,88.3,-4.2,-4.1,113.8,-2.7,2,118.7,0.9,6.9,132.8,0.4,4.9,101.5,0,0.9,111,-0.8,2.2,112,1.4,2.4,100,0,0,112.2,1.5,2.4,110.9,-3.4,0.8,107.1,-4,-2.2,119.3,-2.3,7.4,116.5,-1.1,2.3,98.5,0,8.3,111,0,2.4,106.9,0.3,1.9,106.9,0.4,2.1,123.5,0.8,3.6,100,0,0.9,98.1,0.5,3,107.4,-0.3,3,110.6,0.8,4,71.2,0,0,104.8,0,0.9,100.7,0,0.3,108,0,1.1,113.2,0,2,111.1,0.4,1.4,113.6,0.4,0.5,109.8,1.4,1.8,107.7,-0.2,2.3,112.1,0.1,1.1,103.4,-2.4,4.7,103.3,0,1.2,104.5,-0.2,2.8,122.3,1.2,2.9,114.7,0,0.3,97.8,-5.6,8.7,120.2,-2.9,6.1,105,-1.7,1.9,110.8,0.4,1.7,72.2,0,1.3
m03  ,202502.0,1.0,1.0,,55.0,,2025000202,2025年2月,40130,福岡市,,110.7,-0.3,3.9,109.3,0,3,111.7,-0.3,4.3,110.2,0,3.3,108.9,0.3,2.8,104.1,0.2,1.5,127.4,-0.6,8.7,147.1,-5.7,24.1,124.1,0.5,6,148.7,5.7,25.5,132.9,-1.4,5.5,132.8,-2.6,4.9,123.2,-1.5,3.5,120.5,-1.4,-1.7,139.8,-6.8,27.2,149.2,-9,37.4,153.2,-1.4,20.2,159.7,-1.5,21.7,120.3,-0.6,-0.7,132.5,-0.7,8.1,126.9,1.2,6.1,124.5,0.4,5.9,111.4,1.1,0.3,112.9,0,2.8,101,0.1,1,101.2,0.2,1.7,99.5,0,0.5,97.2,0,0.5,110.3,0.5,4.2,107.4,-4.4,5.5,107.7,-7.9,11.2,112.2,-2.8,2,138.6,3.3,10.4,100,0,0,119.7,0.6,4.6,118.2,3.2,8.3,152.9,0,4.6,102,-3.9,-2.6,122.3,1.2,6.2,117.2,-1.9,0.8,105.9,0,0.8,105.3,2.2,2.1,107.1,4,5.1,101.8,0,-3.4,107.4,4.2,5.6,107.7,1.2,2.2,102.9,1.1,3.3,118.7,1.4,0.2,94.4,-1.2,-6.3,90.2,1.1,-7.6,124.4,0.5,7.6,104.4,-0.2,1.1,112.6,-0.2,2.2,111.2,-0.9,0.8,98.8,0,0.7,99.7,0.2,2.5,105.7,-0.2,-0.4,110.6,0.3,3.8,72,0,0.2,105.9,0.1,1,103.6,0,0.4,108.4,0,1.6,112,0.5,2.4,112,0.4,1.3,108.1,0.7,1.9,109.1,0.5,0.9,113.2,-0.1,2.3,113.3,0.3,1.2,107,-0.2,0.7,112.6,0,0.8,102.8,-0.9,-0.7,120.1,0,2.3,114.7,0,0.3,102.9,0,1.2,115.6,-3.9,7,106.5,0.2,1.9,111.7,0.2,1.1,73.1,0,1.2
m03  ,202502.0,1.0,1.0,,56.0,,2025000202,2025年2月,41201,佐賀市,,111,-0.2,4.1,110,0.1,3.4,112.5,-0.2,4.6,111.4,0.1,3.8,109.5,0.4,3.1,105.2,0.2,1.5,124.6,-0.1,9.5,137.4,-6.3,22.1,122.4,1.1,7.4,151.3,9.5,29.2,121.8,-2.7,-0.1,123.2,-3.3,-0.5,114,0.3,6,124.9,0.4,2.8,133.6,-5.9,27.4,143.1,-9,43,141.5,-3.2,15.9,145.4,-3.5,16.6,117.5,0.1,0.2,126.6,-2.5,7.8,122.5,0.8,4.2,121.4,0.1,10.6,112.6,0.1,-1.2,118.2,0.8,7,108.2,0.1,1.3,122.5,0.1,2.7,101,0,0.4,102.5,0,0.1,147.6,0.3,5,107.2,-4.4,6.4,107.7,-7.9,11.2,110.1,-1.1,2.5,152.6,0,10.5,100,0,0,119.1,1,3.3,114.4,2.7,2.1,128,2.9,4.4,111,0.3,5.3,123.1,0,4.2,124.4,-0.2,4.2,115.9,0,0.3,107.6,1,2.9,111.9,1.6,3.2,117.4,0,10.6,111.8,1.7,3.1,106.6,0.5,3.9,106.2,0.5,4.8,107.5,0.5,2,93.5,0.4,0.6,104.1,1.5,1.6,118.4,-0.4,2,102.9,-0.1,1.3,106,0.2,1.6,109.2,-0.7,2.3,98.7,0,0.7,97.8,0.1,2,104,-0.3,0.6,110.9,0.1,2.9,71.4,0,0.1,101.5,0,1.1,100.4,0,0.6,108.3,0,1.5,103.2,0,2.2,111.6,0.5,1.5,107.1,1.5,0.9,113.7,0.4,2.3,114.6,-0.1,2.2,110.8,0.5,1.1,107.1,-0.1,0.6,104.1,0,0,102.1,0,1.2,120.3,-0.4,0.1,114.7,0,0.3,107.3,0,0.7,116.2,-3.7,6.7,102.8,0,1.7,111.1,0.4,1.2,71.3,0,1.4
m03  ,202502.0,1.0,1.0,,57.0,,2025000202,2025年2月,42201,長崎市,,111.2,-0.3,3.9,109.8,0,3.1,112.8,-0.4,4.6,111.2,0,3.6,109.3,0.4,2.7,104.8,-0.1,1.3,125.9,0.3,9,144.1,-5.7,22.6,122.6,1.7,6.5,156.8,9.6,36.8,122.9,-1.9,2.5,123.7,-3.3,6.1,105.6,1,1.5,115.9,1.5,0.2,135.6,-5.2,19.9,144.4,-7.1,28.4,164.9,-5.1,30.7,169.8,-5.4,31.6,127.9,1.3,2.4,126.8,-0.6,4.7,126,2,5.6,117.3,0,4.7,109.1,-0.4,0.4,116.5,0,2.3,106.1,0.1,0.1,113.5,0.2,0.5,101.7,0,-0.1,100.3,-0.1,-0.4,120.6,0.3,0.9,107.2,-4.3,5.6,107.7,-7.9,11.2,112.4,-2.5,2.1,137.8,1.4,9.4,100,0,0,118.8,-2.5,4.9,117.5,-5.6,5.2,117.2,-1.8,5.9,99.2,0.2,1.4,124.1,-1,8.9,124.2,-0.4,2.7,103.2,0,1.1,110.4,-0.7,3.1,116.1,-0.9,3.5,100,0,0,116.3,-0.9,3.5,101.7,-0.5,2.5,106,-1.4,4.1,91.6,1.9,-1.5,112,-1,2.2,113,-0.4,4.4,108.6,0,2.6,106.2,0,1.7,113.6,0.4,5.2,117.9,-0.6,-1.1,98.9,0,0.7,98.1,0.1,2.6,103.9,-0.2,-0.1,109.5,0.2,3.9,73.1,0,0.3,101.9,0.5,1,99.9,0,0.5,108,0,1.1,106.6,1.9,2.5,111.4,0.4,1.9,111.3,0.8,1.3,111.4,0.5,3.1,107.8,-0.1,2.2,112.3,0.4,1.5,104.7,-0.1,0.2,100.1,0,0,103.7,-0.2,-0.1,110.7,-1.3,-3.3,114.7,0,0.3,104.2,0.2,1.4,116.1,-4,6.8,103.3,0,1.4,110.5,0.4,1.5,74.9,0,1.1
m03  ,202502.0,1.0,1.0,,58.0,,2025000202,2025年2月,43100,熊本市,,110.8,-0.3,4.2,109.7,0,3.5,111.9,-0.3,4.6,110.7,0,3.9,109,0.3,3.2,104.5,0.2,1.7,125.5,-0.8,9.2,144.2,-6.9,22.4,122.8,0.4,7.2,142,3.3,30.8,133.8,0.4,4.9,136.2,0.6,6.9,118.3,-1.8,5.1,119.3,0.2,-2.2,136,-7.6,24.4,143,-11.3,33.1,152.5,-5.3,21.8,157,-5.6,23.4,123.4,-2.7,2,131.8,2.2,11.5,121.5,0.3,4.8,125.7,0,9,113.4,0.5,0.7,115.5,0.3,4.1,107.9,0.1,1,116,0.2,2.3,101,0,0,100.6,0,0.1,131,0.3,4,108.3,-4.3,5.7,107.7,-7.9,11.2,113.4,-1.4,0.1,152.4,3.1,7.6,100,0,0,115,1.1,3.9,102.9,3.1,3.7,116.1,-1,6.1,99.3,5.3,-0.4,126.7,-0.2,4.2,131.2,-0.4,4.7,107.4,0,2.5,107.8,1.2,4.6,104.8,1.5,3.2,100,0,0,104.9,1.5,3.3,112.4,1.1,7.1,108.2,1.1,9.3,121.5,0.9,3.2,100.1,0,0.9,120.4,1.8,8.7,103.9,0.9,1.5,103.7,-0.1,1.2,107.8,-0.2,1.2,111.5,0,1.5,99.2,0,1,98.1,0.5,2.7,104,-0.2,0.6,111.4,0.8,3.8,71.4,0,0.1,102.1,0.1,0.9,99.9,0,0.5,107.7,0,0.8,108.2,0.3,2.1,111.7,0.5,1.9,106.5,1.1,0.8,109.8,0.3,2.4,120.8,-0.1,2.1,111.7,0.7,1.8,106.1,-0.1,1.2,112.7,-0.1,3.9,101.4,0.8,-0.7,114.1,-2.3,1.5,114.7,0,0.3,103.3,0,1.2,119.3,-2.7,6.7,102.4,-0.3,0.8,111.4,0.5,1.6,69.8,0,1.5
m03  ,202502.0,1.0,1.0,,59.0,,2025000202,2025年2月,44201,大分市,,109.1,-0.4,3.6,108.1,-0.1,2.9,110.8,-0.4,4.1,109.7,-0.2,3.4,107.5,0.2,2.6,102.8,0.1,1.2,124,-0.6,8.1,134.5,-5,19.5,122.2,0.3,6.2,142.5,7.8,29,124.4,1.9,2.8,125.2,2.9,2.1,130.6,-2.3,9.5,122.1,-0.8,-3,128.6,-4.8,22.4,135.9,-6.8,32.6,138.5,-8.2,17.8,142.6,-8.9,19,113.8,-0.8,-1.2,122.9,-0.7,8,124.8,0.1,3.9,117.9,-0.9,6.4,112.4,-0.1,1.1,112.8,0,1.2,100.4,0.1,0.7,103.5,0.1,1.9,99.1,0.1,0.3,99.6,0,0.5,109.8,0.3,4.1,106.7,-4.5,7.7,107.7,-7.9,11.2,109.5,-1.6,9,135.2,5.8,4.9,99.8,0,0,120.3,-0.4,0,121.6,-2.8,-0.7,121.8,-3.8,-8,104.5,-2.5,-0.8,116.3,5.8,-1.8,128.6,0.6,1.8,112.1,0,11.1,110.7,1.1,5.1,119,2.4,5.9,95,0,0,119.8,2.5,6.1,102.1,-1.1,3,98.1,-2.7,4,109.5,1.6,1.5,103.7,2.2,10.2,107,0.8,2.7,125.7,0,2,103.9,0,1.1,109,-0.2,3.4,108.1,0.6,-2.5,99,0,1.1,97.3,0.3,1.5,105.1,-0.3,2,109.7,0.5,1.9,71.6,0,0.1,102.4,0,0.5,99.9,0,0,108,0,1.1,107.6,0,1.6,110.6,0.3,1.6,110.5,1.1,2.1,106.9,-0.7,1.2,114.7,-0.1,2.2,111.1,0.6,1.6,105.6,0,1.3,108.1,0,0.7,101.2,-0.1,1.4,115.8,0.1,3.9,114.7,0,0.3,102.7,0,1,115.4,-3.3,7.1,100.8,0,-0.9,110.4,0.2,1.6,74.2,0,1.2
m03  ,202502.0,1.0,1.0,,60.0,,2025000202,2025年2月,45201,宮崎市,,111.7,-0.5,4.6,110.6,-0.2,3.9,112.7,-0.6,5,111.5,-0.2,4.2,109.9,0.1,3.4,106.3,0.1,2.6,122.9,-1.1,7.6,138.8,-6.6,22.1,120.3,0,5.2,143.3,1.9,24.4,124,-0.6,3.6,123.8,-0.8,5.1,103.9,-0.8,0.7,122,0,-1.3,129.8,-7.5,22,135.8,-10.3,30.9,156.9,-5.3,24.5,160.6,-5.6,27,116.5,-1.3,0.2,125.4,-0.5,9.1,126.8,0.8,4.3,117.9,-0.4,5.7,110,0,-0.8,117.5,0,3.3,111.1,0.2,3.6,124.5,0.6,7.4,102.9,0,1,100.1,0,0.2,152.3,1,13.5,108.8,-4.3,9.4,107.7,-7.9,11.2,112.8,-1.2,19,142.3,1.8,8.5,103.6,0,0,115.1,-0.7,3.5,107.9,-0.8,2.9,121.9,-1.7,5.2,114.1,0,4.4,115.6,0,3.7,121.5,-1,3.6,112.1,0,1.2,113.8,-0.1,3.7,118.8,1.4,2.9,94.4,0,8.1,119.2,1.4,2.9,110,-4.4,5,112.6,-6.6,4.4,105.5,0,6.2,111.5,5.2,3.6,107.3,-1.8,4.3,108.8,0,2.6,106.1,0.1,2.1,107.4,0,1.4,121.8,0.5,6,99.3,0,0.7,100.1,0.3,2.2,105.1,-0.3,-0.9,110.8,0.4,3,72,0,0,102.5,0,1,100.7,0,0.4,107.9,0,1,109.3,0,3.1,112.8,0.4,3.7,110.3,1.5,1.8,111.5,0.1,4.3,116.5,-0.1,10.4,113,0.6,2.4,107.3,0.3,2,109.2,0,2.9,101.8,1,0.9,122.8,0,8.5,114.7,0,0.3,106.7,0,1.6,119.2,-3.3,9.4,105.5,0,1.9,112.5,0.4,3.5,73.4,0,1.2
m03  ,202502.0,1.0,1.0,,61.0,,2025000202,2025年2月,46201,鹿児島市,,110.1,-0.3,4.4,108.8,-0.1,3.5,112,-0.4,5.1,110.6,-0.1,4.1,108.2,0.2,3.2,103,0.1,1.5,125.9,-0.4,10.1,141.1,-4,25,123.3,0.4,7.5,153.4,4,32,117.2,-1.6,1.3,116.5,-2.1,-0.1,129.3,0.7,4.7,123.2,0.4,5.9,136.9,-4.7,25.7,147,-6.7,38,152.2,-0.6,29.8,159.9,-0.6,32.2,121.7,-2,-1.5,124.9,-1.3,6.6,119.7,0.3,4.9,118.3,0.7,4.9,102.3,-0.1,-0.8,118.2,0.1,8,103.4,0,1.1,112.7,0,3.4,99.3,0,0,99.9,-0.1,-0.1,130.8,0.2,7.4,109.9,-4.7,6.8,107.7,-7.9,11.2,115.1,-2.2,3.2,140,3.7,17.6,106.5,0,0,116.1,0.6,4.7,111.5,-0.1,6.7,108,-1.8,6.8,99.5,2.9,0.2,121.5,1.1,6.7,127,1.4,1.5,107.8,0,5.4,106.6,-0.4,2.6,107.6,0.4,2.3,100.4,0,0,107.6,0.4,2.4,104.9,-3.4,5.3,99.7,-5.3,8.2,114.6,0,0.8,106.6,-0.2,0,100.7,0,-2.8,119.3,11.1,6,102.4,0,0.4,104.9,-0.2,0.4,109.2,0.4,-0.7,99.1,0,0.7,97.1,0.3,2.3,103.9,-0.3,-0.6,110.3,0.5,3.7,72.6,0,0.1,102.2,0,1.3,99.1,0,0.4,107.8,0,1,107.4,0,2.8,110.7,0.3,1.5,109.4,1.4,1.4,111.2,-0.1,1.3,108,-0.1,2.3,111.2,0.4,1.5,105,0.2,1.6,103.1,1.2,2,102.9,0.3,2.1,115.4,-0.8,1.1,114.7,0,0.3,103.3,0,1.6,117.3,-3.7,8.1,105,-0.2,6.2,109.9,0.3,1.4,71.2,0,1.3
m03  ,202502.0,1.0,1.0,,62.0,,2025000202,2025年2月,47201,那覇市,,113.1,-0.4,4.5,112.2,-0.2,4.1,114.8,-0.4,5.1,113.9,-0.2,4.6,111.2,0.2,3.7,104.9,-0.2,2,127.3,0,8.3,130.9,-4.5,13.9,126.7,0.9,7.4,159.3,7.4,34.9,126.6,3.4,-1.1,122.5,4.9,-3.2,118.7,-1.5,0.4,132.8,0.1,4.6,127.3,-7.2,16,127.9,-9.9,22,141,0.2,14.2,145,0.2,14.8,129,0.3,-0.7,133.9,-0.5,6.5,123.9,0.4,4.3,119.4,0.2,6.7,112.4,0.4,-0.4,116.3,0.1,7,104,0,1.2,106.7,0,1.5,102.5,0,1,102.5,0,1,142.5,0.3,5.1,116.6,-3.7,5.9,120.9,-6.7,10,115.6,-0.7,2.9,147.6,2.3,6.2,107,0,0,119.5,-2.2,2.1,111.2,-6,0.3,122.5,-1.3,5.9,120.5,0,-5,119.2,-3,2.2,129.1,0.9,4.2,107.5,0,3.3,115.7,1.2,6.6,110.6,0,2.3,121.4,0,17.3,110.5,0,2.1,124.2,4,10.3,130.1,5.7,13.7,111.5,0,2.6,109.2,-0.8,9.1,111.5,0,-0.2,135.3,0,27.8,105.6,-1.1,2.5,109.4,-0.2,1.6,116.4,-4.7,8.2,99,0,0.7,99.5,0.6,4.3,109.8,2.3,2.4,118.8,0.6,6.6,71.6,0,0,102.6,0,1.2,98.6,0,-0.9,107.6,0,0.7,112.8,0,6.7,111.4,-0.1,1.8,107.4,1.1,1.7,109.3,-1.8,2.4,104,-0.1,1.3,114.7,0.4,1.7,105.9,-0.3,1,108,0,2.4,103.1,-1.1,0.4,120.6,0.2,1.9,114.7,0,0.3,102.7,0,0.9,123.7,-3.1,7.2,103.3,0,7.6,110.9,0.3,1.9,70.4,0,1.4
m03  ,202502.0,1.0,1.0,,63.0,,2025000202,2025年2月,14130,川崎市,,109.1,-0.4,2.9,108.1,-0.1,2.3,111.3,-0.5,3.4,110.2,-0.1,2.7,107.4,0.2,2,103.7,0,1.1,121.8,-0.4,6.6,133.6,-6.2,17.9,119.8,0.8,4.6,126.1,1.5,16.2,121.8,-0.5,1.8,116.7,-1.4,1,117.1,1.3,4.8,121.2,2.3,-0.8,130.2,-6.7,20.6,136.8,-8.9,28.8,140.5,-4.2,12.4,145.2,-4.2,13.9,115.8,-0.8,0.3,125.3,0.4,7.4,117.4,0.5,3.3,118.1,0.7,3.1,109.9,-0.5,0.4,120.8,1,4.6,100.8,0,1,103.3,0.1,1.7,100.1,0,0.9,100.7,0,1.6,110.4,0.4,1.9,113.4,-4.7,5.4,116.4,-7,9,118,-4.4,3.5,144.4,3.8,9.1,100,0,0,115,1,0.8,109.1,3.7,-6.3,102.1,-1,-3,108.5,-0.9,5.5,129.5,0.3,8.6,114,-0.4,1.7,106,0,0.7,107.5,0.7,1.3,107.8,0.9,1.5,103.1,0,1.4,107.8,0.9,1.5,104.6,-0.1,1.4,103.4,0,1.5,107.1,-0.3,1.3,106.1,3.1,0.8,117.4,-0.7,0.6,110.1,0,1.5,104.3,-0.2,1.8,108,0,2.9,114.1,-1,3.3,99.1,0,0.7,97.1,0,1.4,105.8,-0.2,-0.1,110.3,0.1,2.7,72.1,0,0.1,102.9,0,0.4,100.3,0,0.1,108.4,0,1.6,109.8,0,1,117.3,-0.1,1.7,109.5,0.7,2.4,106.5,-0.3,-1.4,115.8,-0.2,4,122.2,-0.1,2.2,105.1,0,1,111.2,0,3.7,102.9,-0.4,0.4,107.8,0.5,-0.1,114.7,0,0.3,101.9,0,0.6,119.8,-4.8,6.8,103.8,0.2,0.6,115.6,-0.1,1.5,75,0,1.6
m03  ,202502.0,1.0,1.0,,64.0,,2025000202,2025年2月,14150,相模原市,,110.8,-0.5,3.8,109.8,0.1,3.2,112.9,-0.6,4.6,111.9,0.1,3.8,109,0.4,2.9,104.4,0,1.5,124.3,-0.8,8.3,131.3,-11.2,17.7,123,1.5,6.5,153.1,5.5,24.1,127.3,-4.5,3.8,122.4,-10.8,5.8,114,3.6,8.9,124.5,2.3,0.9,125.6,-11.3,13.4,128.2,-15.8,18,144.9,-1.3,29.1,149.5,-1.1,32.1,122.1,0.6,-0.1,126.5,-1,9.1,118.3,0.7,3,119.8,-0.8,6.3,109.4,-0.3,0.6,118.7,1.3,4.7,103.3,0,0.6,109.4,0.1,2,101.7,0,0.3,102.3,0,0.8,114.9,0.1,2.8,117.4,-4,8.4,116.4,-7,9,118.4,-2.8,4.5,149.7,1.8,10.7,114.2,0,11.5,112.9,-0.5,3.4,101.7,-0.8,0.4,104.8,-2.5,0,128,-0.4,7.7,124.6,0.2,8.4,115.8,-0.4,2.1,109.1,0,4.2,104.5,-0.1,2.1,107.4,0.6,2.4,103.7,0,1.4,107.4,0.6,2.4,101.8,-1.1,3.2,102.1,-0.4,5.6,101.5,-2.2,-0.6,97.2,0,-1.9,108.9,-0.4,3.5,107.3,0,1.4,103.2,-0.2,0.7,105.3,0,-0.4,113.4,-0.9,2.5,98.8,0,0.7,98.5,0.3,1.9,105.8,-0.2,-0.2,110.4,0.5,2.9,73.1,0,0.2,105.7,0,1.5,102.3,0,1.4,107.9,0,1,111.7,0,1.9,112.9,0.3,1.7,107.3,1.4,1.6,109.6,0.2,-1,115.9,-0.1,3.9,114.3,0.4,2.2,105.9,-0.4,1.1,111,0,3.3,100.7,-0.8,-0.9,115,-1.9,2.9,114.7,0,0.3,102.9,0,1,121.8,-3.7,7.1,107.1,0.7,3.4,112.1,0.1,1.4,79,0,1.9
m03  ,202502.0,1.0,1.0,,65.0,,2025000202,2025年2月,22130,浜松市,,112,-0.2,3.9,111,0,3.2,113.1,-0.3,4.8,112,-0.1,4.1,109.8,0.3,2.9,105.8,0.1,1.3,124,0,9,136.7,-3.7,18.8,121.8,0.8,7.3,156,4.9,33.8,135.7,2,2.3,136.3,3.7,1.6,113.4,1.4,3.9,118,0.1,2.5,128,-6.3,22.4,132.1,-9.1,31.8,143.9,-0.4,18.3,147.6,-0.4,19.1,116.9,-1.1,0.5,126.8,-0.5,6.1,120.1,0.9,5.9,116.3,-0.5,6.1,108.3,0.3,-1.3,112.1,0.4,3.2,106.9,0.2,-0.5,108.9,0.2,1.3,105.9,0.2,-1.1,103.6,0,-0.4,111.7,0.2,2.1,115.1,-4.1,5.5,117.9,-7.3,10,121.4,-1.7,1.2,143.3,5.2,8.6,100,0,0,123.8,-1,5.3,125.9,-3.4,7.7,123.5,-0.2,5.3,126,3.4,4.5,125.4,-0.6,3.7,124.8,0.2,5,101.6,0,0.6,109.4,0.7,1.7,107.9,0.1,7.1,105.5,0,0,108,0.1,7.5,105.8,3.1,-2.6,100.7,4.9,-3.4,116.8,0,-1.2,121.3,-0.6,-4.1,107.4,-1.6,4,113.4,0.3,2.7,104.8,-0.2,2.2,109.1,-0.6,3.6,116,-0.1,4.7,99.1,0,0.7,101.7,0.3,2.2,104.1,-0.2,0.1,112.7,0.4,3,72,0,0,99,0,4.2,94.2,0,6,107.9,0,1.1,106.9,0,1.8,114.1,0.4,2.3,107.9,2.1,1.6,119.9,1,3.8,110.6,-0.1,1.8,113.3,0,1.7,103.5,0,1.5,104.3,0,1.4,99.4,-0.1,2.5,116.2,0,2.8,114.7,0,0.3,101.8,0,0.7,125.6,-3.1,6.9,104.5,0.3,4.4,113.1,0.3,2,72.9,0,1.2
m03  ,202502.0,1.0,1.0,,66.0,,2025000202,2025年2月,27140,堺市,,110.2,-0.9,3.6,109.3,-0.2,2.9,111.7,-1,4.1,110.7,-0.3,3.3,108.9,0.1,2.5,104.5,0,1.5,123.1,-1.8,7,130.3,-11.7,18.4,121.8,0.4,5,148.3,5.3,29.2,126.9,-0.9,1.4,121.6,-2.6,0.2,115.8,-2.2,-2.7,120.4,-0.1,0.5,124.9,-13.4,19.7,130.3,-18.2,29.1,136.1,-6.9,21.3,141.3,-7.2,23.5,116.4,0.3,-2.5,130.9,-0.2,7.1,119.4,0.5,2.9,118.3,-0.8,3.5,106.7,-0.4,-0.4,116,0.1,4.6,106.7,0.3,1.5,118.7,0.7,3.7,100.9,0,0.2,102,0,0.4,122.5,0.9,4.4,107.9,-4.9,6.1,104.1,-8,11.8,117,-4.6,3.2,131.5,2.1,8.5,105.4,0,0,110.3,-1.9,1,100,-4.5,1.9,117.9,0.3,2.6,118.7,0.6,2.9,109.7,-2.2,0.2,119,-0.4,0,104.4,0,2.5,106,-0.4,1.6,107.8,1.2,4.7,103.1,4.1,5.9,107.8,1.2,4.7,103,-0.7,-2.6,95.9,-0.6,-3.6,117.4,-0.9,-0.9,101.7,0,-2,112.7,-7.7,8.5,108.6,0.4,1.2,105,0,1.4,112.2,0.3,2.6,112.1,-0.4,1.5,99,0,0.7,97.7,0.1,2.4,104.7,-0.2,-0.1,109.5,0.2,3.7,72,0,0.1,103.1,0.3,1.1,100,0,0.3,108.8,0,2,111.9,1.3,3.3,111.9,0.5,2.7,108,1.5,1.7,109.8,0.2,4.6,116.5,-0.1,4.2,112.2,0.7,1.9,105.4,-0.4,0.7,104.1,0,1.4,106,-0.4,0.1,106.8,-2.4,-0.2,114.7,0,0.3,103.2,0,1,114.7,-4.9,8.1,103.9,0,3.3,111.1,0.4,2.4,75,0,1.1
m03  ,202502.0,1.0,1.0,,67.0,,2025000202,2025年2月,40100,北九州市,,112.3,-0.5,4.5,110.9,-0.1,3.6,113.5,-0.5,5.2,111.9,-0.2,4.2,110.3,0.2,3.2,105.4,0,1.8,126.7,-0.6,8.9,142,-5.6,21.6,123.7,0.6,6.5,148.5,6.5,29.3,125.6,-0.9,4.6,127.7,-1.9,5.4,123.7,-2.3,3.8,117.5,0,-2.6,135,-6.9,21.4,140.1,-9.4,29.7,159.9,-2.5,27.9,166.3,-2.6,29.8,115.9,-1,-1.4,133.4,0.1,8,127.4,1.4,6.3,117.9,-1.3,6.2,107.8,0.4,-0.7,112.1,0.1,2.4,105.5,0.1,1.2,107.5,0.4,3.9,104.2,0,0.3,101.1,0.1,0.7,113.2,0.6,6.5,108.6,-4.7,6.7,107.7,-7.9,11.2,111.3,-2.9,2.1,155.8,3.4,15.4,100,0,0,118,-0.9,5.1,118.6,-1.1,11.1,101.7,-1.4,0.6,89.9,-4.8,-6.5,128.3,1.2,7.5,122.8,-1.5,1.7,102.9,0,1.3,108.4,0.6,3,107.1,2.6,5,101.9,0,-3.9,107.2,2.6,5.1,105.9,-1.4,1.9,102.4,-3,2.3,112.3,1.5,1.3,109.7,0.4,-0.4,97.3,-1,-0.3,142.3,0,5.2,104.4,0,1.4,111.4,0.2,3.3,108.7,-0.3,-0.2,98.8,0,0.7,101.8,0.1,3.5,108.6,-0.2,-0.3,112.8,0.1,5,72.9,0,0.2,104.3,0.1,1.7,101,0,1.4,108.2,0,1.4,113.3,0.4,2.6,111.9,0.5,1.3,105.8,1.6,-0.5,113.1,0.9,2.1,113.3,-0.1,2.1,111.9,0.3,1.1,107.3,-0.3,1.3,111.7,0,0.8,104,-0.6,0.7,118,-1.4,1.8,114.7,0,0.3,104,0,1.8,118.1,-3.8,8.6,106,0.1,2.7,112.1,0.4,1.2,74.9,0,1.1
